Période (Trimestre);Date;Catégorie;Tranche d'âge;Nb moyen demandeur emploi;Nb moyen demandeur emploi Homme;Nb moyen demandeur emploi Femme;Différence Nb demandeur emploi trimestre précédent;Nb moyen entrées;Nb moyen sorties;Nb moyen demandeur emploi longue durée;Code Officiel Département;Nom Officiel Département;Code Officiel Région;Nom Officiel Région;Code Iso 3166-3 Zone
2003-T4;2003-10;C;Indifférent;5930;;;60.0;;;;974;Réunion;04;La Réunion;REU
2005-T2;2005-04;C;Indifférent;6010;;;-130.0;;;;974;Réunion;04;La Réunion;REU
2009-T3;2009-07;C;Indifférent;6240;;;580.0;;;;974;Réunion;04;La Réunion;REU
2013-T1;2013-01;C;Indifférent;9430;;;120.0;;;;974;Réunion;04;La Réunion;REU
2014-T1;2014-01;C;Indifférent;10440;;;440.0;;;;974;Réunion;04;La Réunion;REU
2018-T1;2018-01;C;Indifférent;15200;;;190.0;;;;974;Réunion;04;La Réunion;REU
2020-T2;2020-04;C;Indifférent;13160;;;-2440.0;;;;974;Réunion;04;La Réunion;REU
2001-T1;2001-01;E;Indifférent;5570;;;-990.0;;;;974;Réunion;04;La Réunion;REU
2021-T1;2021-01;E;Indifférent;10260;;;210.0;;;;974;Réunion;04;La Réunion;REU
1996-T4;1996-10;D;Indifférent;2460;;;-460.0;;;;974;Réunion;04;La Réunion;REU
2002-T1;2002-01;D;Indifférent;3510;;;-200.0;;;;974;Réunion;04;La Réunion;REU
2005-T2;2005-04;D;Indifférent;3920;;;-160.0;;;;974;Réunion;04;La Réunion;REU
2010-T3;2010-07;D;Indifférent;4450;;;-270.0;;;;974;Réunion;04;La Réunion;REU
2014-T1;2014-01;D;Indifférent;3660;;;130.0;;;;974;Réunion;04;La Réunion;REU
2019-T2;2019-04;D;Indifférent;5090;;;-440.0;;;;974;Réunion;04;La Réunion;REU
2020-T4;2020-10;D;Indifférent;6940;;;810.0;;;;974;Réunion;04;La Réunion;REU
2017-T3;2017-07;ABC;Entre 25 et 49 ans;99310;;;290.0;;;;974;Réunion;04;La Réunion;REU
2011-T4;2011-10;ABC;Indifférent;136280;66030;70250;860.0;10860.0;10240.0;70660.0;974;Réunion;04;La Réunion;REU
2012-T1;2012-01;ABC;Indifférent;138040;67150;70900;1760.0;11900.0;10450.0;72060.0;974;Réunion;04;La Réunion;REU
2016-T3;2016-07;ABC;Indifférent;159770;77410;82360;1190.0;11780.0;11260.0;86260.0;974;Réunion;04;La Réunion;REU
2002-T2;2002-04;ABC;Moins de 25 ans;23640;;;-310.0;;;;974;Réunion;04;La Réunion;REU
2010-T4;2010-10;ABC;Moins de 25 ans;22630;;;500.0;;;;974;Réunion;04;La Réunion;REU
2012-T3;2012-07;ABC;Moins de 25 ans;24000;;;320.0;;;;974;Réunion;04;La Réunion;REU
2013-T4;2013-10;ABC;Moins de 25 ans;24800;;;-240.0;;;;974;Réunion;04;La Réunion;REU
1999-T2;1999-04;ABC;Indifférent;116300;58920;57370;1830.0;8240.0;7840.0;54790.0;974;Réunion;04;La Réunion;REU
2008-T1;2008-01;ABC;Indifférent;86860;40270;46590;140.0;9950.0;9230.0;37010.0;974;Réunion;04;La Réunion;REU
2008-T2;2008-04;ABC;Indifférent;88950;41430;47520;2090.0;10150.0;9170.0;37040.0;974;Réunion;04;La Réunion;REU
2010-T4;2010-10;ABC;Indifférent;128810;63480;65330;3750.0;11770.0;10590.0;61050.0;974;Réunion;04;La Réunion;REU
2012-T3;2012-07;ABC;Indifférent;143630;69720;73910;3490.0;10670.0;9500.0;74560.0;974;Réunion;04;La Réunion;REU
2016-T1;2016-01;ABC;Indifférent;160650;77870;82780;1120.0;11120.0;11100.0;88230.0;974;Réunion;04;La Réunion;REU
2018-T4;2018-10;ABC;Indifférent;168160;81280;86880;-710.0;10340.0;10080.0;96820.0;974;Réunion;04;La Réunion;REU
2010-T1;2010-01;A;Indifférent;105150;;;3660.0;;;;974;Réunion;04;La Réunion;REU
2011-T2;2011-04;A;Indifférent;118330;;;1150.0;;;;974;Réunion;04;La Réunion;REU
2014-T2;2014-04;A;Indifférent;134910;;;1780.0;;;;974;Réunion;04;La Réunion;REU
2008-T1;2008-01;B;Indifférent;5730;;;80.0;;;;974;Réunion;04;La Réunion;REU
2012-T3;2012-07;B;Indifférent;8420;;;400.0;;;;974;Réunion;04;La Réunion;REU
2014-T1;2014-01;B;Indifférent;9260;;;50.0;;;;974;Réunion;04;La Réunion;REU
2017-T3;2017-07;B;Indifférent;11600;;;250.0;;;;974;Réunion;04;La Réunion;REU
2003-T1;2003-01;ABC;Plus de 50 ans;8430;;;-60.0;;;;974;Réunion;04;La Réunion;REU
2007-T3;2007-07;ABC;Plus de 50 ans;9130;;;-60.0;;;;974;Réunion;04;La Réunion;REU
2009-T1;2009-01;ABC;Plus de 50 ans;11130;;;680.0;;;;974;Réunion;04;La Réunion;REU
2017-T1;2017-01;ABC;Plus de 50 ans;40210;;;700.0;;;;974;Réunion;04;La Réunion;REU
2017-T4;2017-10;ABC;Plus de 50 ans;42210;;;960.0;;;;974;Réunion;04;La Réunion;REU
2002-T1;2002-01;ABC;Indifférent;118010;58140;59870;-60.0;9080.0;8810.0;54840.0;974;Réunion;04;La Réunion;REU
2007-T4;2007-10;ABC;Indifférent;86770;40500;46260;-1550.0;8850.0;9820.0;37610.0;974;Réunion;04;La Réunion;REU
2017-T3;2017-07;ABC;Indifférent;161680;78320;83360;1080.0;11620.0;10700.0;88480.0;974;Réunion;04;La Réunion;REU
2001-T2;2001-04;ABC;Plus de 50 ans;8290;;;250.0;;;;974;Réunion;04;La Réunion;REU
2002-T1;2002-01;ABC;Plus de 50 ans;8500;;;30.0;;;;974;Réunion;04;La Réunion;REU
2002-T4;2002-10;ABC;Plus de 50 ans;8490;;;-80.0;;;;974;Réunion;04;La Réunion;REU
2003-T4;2003-10;ABC;Plus de 50 ans;8560;;;30.0;;;;974;Réunion;04;La Réunion;REU
2014-T3;2014-07;ABC;Plus de 50 ans;31850;;;1000.0;;;;974;Réunion;04;La Réunion;REU
2016-T4;2016-10;ABC;Plus de 50 ans;39510;;;740.0;;;;974;Réunion;04;La Réunion;REU
2019-T2;2019-04;ABC;Plus de 50 ans;46490;;;340.0;;;;974;Réunion;04;La Réunion;REU
2019-T4;2019-10;ABC;Plus de 50 ans;46410;;;-220.0;;;;974;Réunion;04;La Réunion;REU
2001-T1;2001-01;ABC;Moins de 25 ans;24900;;;240.0;;;;974;Réunion;04;La Réunion;REU
2005-T2;2005-04;ABC;Moins de 25 ans;20120;;;-510.0;;;;974;Réunion;04;La Réunion;REU
2008-T4;2008-10;ABC;Moins de 25 ans;17630;;;380.0;;;;974;Réunion;04;La Réunion;REU
1998-T4;1998-10;ABC;Entre 25 et 49 ans;81500;;;750.0;;;;974;Réunion;04;La Réunion;REU
2000-T1;2000-01;ABC;Entre 25 et 49 ans;84930;;;1100.0;;;;974;Réunion;04;La Réunion;REU
2003-T1;2003-01;ABC;Entre 25 et 49 ans;79410;;;-1960.0;;;;974;Réunion;04;La Réunion;REU
2011-T3;2011-07;ABC;Entre 25 et 49 ans;91920;;;800.0;;;;974;Réunion;04;La Réunion;REU
2013-T2;2013-04;ABC;Entre 25 et 49 ans;100570;;;880.0;;;;974;Réunion;04;La Réunion;REU
2014-T3;2014-07;ABC;Entre 25 et 49 ans;99890;;;-470.0;;;;974;Réunion;04;La Réunion;REU
2020-T4;2020-10;ABC;Entre 25 et 49 ans;95050;;;-1210.0;;;;974;Réunion;04;La Réunion;REU
1996-T3;1996-07;A;Indifférent;98330;;;2030.0;;;;974;Réunion;04;La Réunion;REU
1997-T1;1997-01;A;Indifférent;102460;;;1240.0;;;;974;Réunion;04;La Réunion;REU
2016-T2;2016-04;A;Indifférent;134840;;;-2190.0;;;;974;Réunion;04;La Réunion;REU
1998-T2;1998-04;ABC;Indifférent;111930;56420;55510;-1640.0;7800.0;8330.0;52990.0;974;Réunion;04;La Réunion;REU
1998-T4;1998-10;ABC;Indifférent;113120;57360;55760;1130.0;8120.0;8180.0;54870.0;974;Réunion;04;La Réunion;REU
2013-T3;2013-07;ABC;Indifférent;153530;75630;77900;550.0;10910.0;10220.0;83710.0;974;Réunion;04;La Réunion;REU
2003-T1;2003-01;B;Indifférent;4490;;;90.0;;;;974;Réunion;04;La Réunion;REU
2003-T4;2003-10;B;Indifférent;4500;;;-50.0;;;;974;Réunion;04;La Réunion;REU
2007-T4;2007-10;B;Indifférent;5650;;;-40.0;;;;974;Réunion;04;La Réunion;REU
2011-T1;2011-01;B;Indifférent;7130;;;370.0;;;;974;Réunion;04;La Réunion;REU
2013-T1;2013-01;B;Indifférent;8780;;;120.0;;;;974;Réunion;04;La Réunion;REU
2016-T1;2016-01;B;Indifférent;10340;;;130.0;;;;974;Réunion;04;La Réunion;REU
2017-T1;2017-01;B;Indifférent;10990;;;-110.0;;;;974;Réunion;04;La Réunion;REU
2019-T2;2019-04;B;Indifférent;12470;;;20.0;;;;974;Réunion;04;La Réunion;REU
2020-T4;2020-10;B;Indifférent;12420;;;370.0;;;;974;Réunion;04;La Réunion;REU
2003-T1;2003-01;C;Indifférent;6010;;;-360.0;;;;974;Réunion;04;La Réunion;REU
2017-T3;2017-07;C;Indifférent;14450;;;450.0;;;;974;Réunion;04;La Réunion;REU
1998-T1;1998-01;D;Indifférent;2560;;;80.0;;;;974;Réunion;04;La Réunion;REU
2016-T2;2016-04;D;Indifférent;5290;;;1090.0;;;;974;Réunion;04;La Réunion;REU
1998-T4;1998-10;E;Indifférent;4190;;;1540.0;;;;974;Réunion;04;La Réunion;REU
2017-T4;2017-10;E;Indifférent;13580;;;-960.0;;;;974;Réunion;04;La Réunion;REU
2004-T4;2004-10;ABC;Indifférent;102330;50250;52080;-320.0;9850.0;9470.0;42300.0;974;Réunion;04;La Réunion;REU
2017-T2;2017-04;ABC;Indifférent;160600;77850;82750;-760.0;11500.0;11860.0;87640.0;974;Réunion;04;La Réunion;REU
2005-T3;2005-07;ABC;Plus de 50 ans;9050;;;30.0;;;;974;Réunion;04;La Réunion;REU
2008-T2;2008-04;ABC;Plus de 50 ans;9540;;;360.0;;;;974;Réunion;04;La Réunion;REU
2015-T1;2015-01;ABC;Plus de 50 ans;33260;;;660.0;;;;974;Réunion;04;La Réunion;REU
2016-T2;2016-04;ABC;Plus de 50 ans;38100;;;500.0;;;;974;Réunion;04;La Réunion;REU
2007-T1;2007-01;ABC;Indifférent;89550;42290;47260;-1880.0;9350.0;9520.0;42060.0;974;Réunion;04;La Réunion;REU
2015-T4;2015-10;ABC;Indifférent;159530;77350;82170;-470.0;11820.0;11700.0;88720.0;974;Réunion;04;La Réunion;REU
2020-T1;2020-01;ABC;Indifférent;161200;77600;83590;-1820.0;11170.0;11360.0;95100.0;974;Réunion;04;La Réunion;REU
2010-T4;2010-10;B;Indifférent;6760;;;180.0;;;;974;Réunion;04;La Réunion;REU
2012-T2;2012-04;B;Indifférent;8020;;;280.0;;;;974;Réunion;04;La Réunion;REU
2014-T4;2014-10;B;Indifférent;9420;;;130.0;;;;974;Réunion;04;La Réunion;REU
2019-T4;2019-10;B;Indifférent;12320;;;-90.0;;;;974;Réunion;04;La Réunion;REU
2009-T2;2009-04;C;Indifférent;5660;;;190.0;;;;974;Réunion;04;La Réunion;REU
2019-T1;2019-01;C;Indifférent;17280;;;1110.0;;;;974;Réunion;04;La Réunion;REU
2009-T1;2009-01;D;Indifférent;2860;;;-100.0;;;;974;Réunion;04;La Réunion;REU
2011-T1;2011-01;D;Indifférent;3970;;;-310.0;;;;974;Réunion;04;La Réunion;REU
1997-T3;1997-07;ABC;Entre 25 et 49 ans;77950;;;1870.0;;;;974;Réunion;04;La Réunion;REU
2006-T1;2006-01;ABC;Moins de 25 ans;19020;;;-380.0;;;;974;Réunion;04;La Réunion;REU
1998-T1;1998-01;A;Indifférent;108450;;;-610.0;;;;974;Réunion;04;La Réunion;REU
2001-T4;2001-10;A;Indifférent;107860;;;-1480.0;;;;974;Réunion;04;La Réunion;REU
1997-T3;1997-07;E;Indifférent;1270;;;-370.0;;;;974;Réunion;04;La Réunion;REU
1998-T1;1998-01;E;Indifférent;2170;;;290.0;;;;974;Réunion;04;La Réunion;REU
1999-T2;1999-04;E;Indifférent;4740;;;1200.0;;;;974;Réunion;04;La Réunion;REU
2004-T2;2004-04;E;Indifférent;7380;;;920.0;;;;974;Réunion;04;La Réunion;REU
2010-T3;2010-07;E;Indifférent;9140;;;380.0;;;;974;Réunion;04;La Réunion;REU
2001-T4;2001-10;ABC;Indifférent;118070;58180;59880;-1390.0;9250.0;9120.0;54650.0;974;Réunion;04;La Réunion;REU
2014-T2;2014-04;ABC;Indifférent;155230;76000;79230;2450.0;10710.0;9700.0;87850.0;974;Réunion;04;La Réunion;REU
2016-T4;2016-10;ABC;Indifférent;161410;78150;83260;1640.0;11130.0;11050.0;87330.0;974;Réunion;04;La Réunion;REU
1997-T2;1997-04;ABC;Plus de 50 ans;7060;;;230.0;;;;974;Réunion;04;La Réunion;REU
1998-T2;1998-04;ABC;Plus de 50 ans;7450;;;-80.0;;;;974;Réunion;04;La Réunion;REU
2008-T1;2008-01;ABC;Plus de 50 ans;9180;;;160.0;;;;974;Réunion;04;La Réunion;REU
2011-T2;2011-04;ABC;Plus de 50 ans;19230;;;680.0;;;;974;Réunion;04;La Réunion;REU
1998-T2;1998-04;ABC;Entre 25 et 49 ans;79930;;;-520.0;;;;974;Réunion;04;La Réunion;REU
2002-T1;2002-01;ABC;Entre 25 et 49 ans;85470;;;-150.0;;;;974;Réunion;04;La Réunion;REU
2008-T1;2008-01;ABC;Entre 25 et 49 ans;60900;;;10.0;;;;974;Réunion;04;La Réunion;REU
2008-T3;2008-07;ABC;Entre 25 et 49 ans;64000;;;1590.0;;;;974;Réunion;04;La Réunion;REU
2010-T3;2010-07;ABC;Entre 25 et 49 ans;86310;;;2230.0;;;;974;Réunion;04;La Réunion;REU
2017-T4;2017-10;ABC;Entre 25 et 49 ans;99910;;;600.0;;;;974;Réunion;04;La Réunion;REU
2018-T4;2018-10;ABC;Entre 25 et 49 ans;101590;;;-720.0;;;;974;Réunion;04;La Réunion;REU
2008-T1;2008-01;ABC;Moins de 25 ans;16770;;;-40.0;;;;974;Réunion;04;La Réunion;REU
1998-T4;1998-10;A;Indifférent;108270;;;-810.0;;;;974;Réunion;04;La Réunion;REU
2011-T3;2011-07;A;Indifférent;119630;;;1300.0;;;;974;Réunion;04;La Réunion;REU
2015-T3;2015-07;A;Indifférent;136760;;;510.0;;;;974;Réunion;04;La Réunion;REU
2021-T2;2021-04;A;Indifférent;130260;;;-890.0;;;;974;Réunion;04;La Réunion;REU
2004-T3;2004-07;ABC;Indifférent;102710;50520;52190;-310.0;9820.0;10230.0;42120.0;974;Réunion;04;La Réunion;REU
2006-T1;2006-01;ABC;Indifférent;97950;47440;50510;-860.0;9370.0;10320.0;42600.0;974;Réunion;04;La Réunion;REU
2014-T4;2014-10;ABC;Indifférent;156130;76720;79410;480.0;10610.0;10490.0;87600.0;974;Réunion;04;La Réunion;REU
2015-T2;2015-04;ABC;Indifférent;158680;77300;81380;2010.0;10700.0;9640.0;88220.0;974;Réunion;04;La Réunion;REU
1997-T3;1997-07;B;Indifférent;1630;;;-40.0;;;;974;Réunion;04;La Réunion;REU
2007-T1;2007-01;B;Indifférent;5690;;;-60.0;;;;974;Réunion;04;La Réunion;REU
2008-T2;2008-04;B;Indifférent;5770;;;40.0;;;;974;Réunion;04;La Réunion;REU
2015-T4;2015-10;B;Indifférent;10210;;;0.0;;;;974;Réunion;04;La Réunion;REU
1997-T1;1997-01;D;Indifférent;2370;;;-90.0;;;;974;Réunion;04;La Réunion;REU
2016-T4;2016-10;D;Indifférent;4430;;;-380.0;;;;974;Réunion;04;La Réunion;REU
2021-T2;2021-04;D;Indifférent;7200;;;400.0;;;;974;Réunion;04;La Réunion;REU
2000-T1;2000-01;E;Indifférent;6130;;;-310.0;;;;974;Réunion;04;La Réunion;REU
2001-T2;2001-04;E;Indifférent;5270;;;-300.0;;;;974;Réunion;04;La Réunion;REU
2005-T2;2005-04;E;Indifférent;6980;;;1670.0;;;;974;Réunion;04;La Réunion;REU
2005-T3;2005-07;E;Indifférent;7200;;;220.0;;;;974;Réunion;04;La Réunion;REU
2015-T2;2015-04;E;Indifférent;15170;;;40.0;;;;974;Réunion;04;La Réunion;REU
2019-T1;2019-01;E;Indifférent;9580;;;190.0;;;;974;Réunion;04;La Réunion;REU
2009-T4;2009-10;C;Indifférent;6650;;;410.0;;;;974;Réunion;04;La Réunion;REU
2021-T3;2021-07;C;Indifférent;19480;;;410.0;;;;974;Réunion;04;La Réunion;REU
2006-T1;2006-01;ABC;Indifférent;98030;47490;50540;-810.0;9380.0;10420.0;42720.0;974;Réunion;04;La Réunion;REU
2009-T4;2009-10;ABC;Indifférent;114390;57130;57260;5740.0;12170.0;10030.0;46410.0;974;Réunion;04;La Réunion;REU
2014-T3;2014-07;ABC;Indifférent;155700;76480;79220;470.0;10660.0;10610.0;88380.0;974;Réunion;04;La Réunion;REU
2015-T2;2015-04;ABC;Indifférent;158680;77310;81370;2030.0;10650.0;9470.0;88220.0;974;Réunion;04;La Réunion;REU
2015-T3;2015-07;ABC;Indifférent;159990;77620;82370;1310.0;10350.0;10160.0;89540.0;974;Réunion;04;La Réunion;REU
2018-T2;2018-04;ABC;Indifférent;168010;81310;86700;2690.0;12050.0;10760.0;92950.0;974;Réunion;04;La Réunion;REU
1999-T2;1999-04;ABC;Entre 25 et 49 ans;83590;;;1180.0;;;;974;Réunion;04;La Réunion;REU
2000-T2;2000-04;ABC;Entre 25 et 49 ans;84400;;;-530.0;;;;974;Réunion;04;La Réunion;REU
2002-T4;2002-10;ABC;Entre 25 et 49 ans;81370;;;-1630.0;;;;974;Réunion;04;La Réunion;REU
2015-T3;2015-07;ABC;Entre 25 et 49 ans;101500;;;440.0;;;;974;Réunion;04;La Réunion;REU
2002-T4;2002-10;ABC;Moins de 25 ans;23540;;;-330.0;;;;974;Réunion;04;La Réunion;REU
2010-T3;2010-07;ABC;Moins de 25 ans;22130;;;-30.0;;;;974;Réunion;04;La Réunion;REU
2012-T4;2012-10;ABC;Moins de 25 ans;24440;;;440.0;;;;974;Réunion;04;La Réunion;REU
1997-T2;1997-04;A;Indifférent;104120;;;1660.0;;;;974;Réunion;04;La Réunion;REU
2003-T1;2003-01;A;Indifférent;99760;;;-2880.0;;;;974;Réunion;04;La Réunion;REU
2008-T2;2008-04;A;Indifférent;76940;;;2210.0;;;;974;Réunion;04;La Réunion;REU
2013-T4;2013-10;A;Indifférent;134040;;;-600.0;;;;974;Réunion;04;La Réunion;REU
2015-T1;2015-01;A;Indifférent;135140;;;80.0;;;;974;Réunion;04;La Réunion;REU
2017-T2;2017-04;A;Indifférent;135270;;;-1600.0;;;;974;Réunion;04;La Réunion;REU
2018-T4;2018-10;A;Indifférent;139260;;;-580.0;;;;974;Réunion;04;La Réunion;REU
1996-T4;1996-10;ABC;Indifférent;104890;52190;52700;3040.0;8620.0;7060.0;42480.0;974;Réunion;04;La Réunion;REU
1999-T3;1999-07;ABC;Indifférent;116080;58410;57660;-220.0;8280.0;8250.0;54500.0;974;Réunion;04;La Réunion;REU
2003-T4;2003-10;ABC;Indifférent;104700;52160;52540;-2980.0;9960.0;10770.0;45190.0;974;Réunion;04;La Réunion;REU
2013-T1;2013-01;ABC;Indifférent;151000;74150;76850;3100.0;10580.0;9900.0;79770.0;974;Réunion;04;La Réunion;REU
1996-T2;1996-04;B;Indifférent;1390;;;60.0;;;;974;Réunion;04;La Réunion;REU
1998-T2;1998-04;B;Indifférent;1830;;;-100.0;;;;974;Réunion;04;La Réunion;REU
2009-T1;2009-01;B;Indifférent;5750;;;-40.0;;;;974;Réunion;04;La Réunion;REU
2021-T1;2021-01;B;Indifférent;12880;;;460.0;;;;974;Réunion;04;La Réunion;REU
1997-T1;1997-01;C;Indifférent;2220;;;50.0;;;;974;Réunion;04;La Réunion;REU
1999-T2;1999-04;C;Indifférent;3730;;;240.0;;;;974;Réunion;04;La Réunion;REU
2006-T3;2006-07;ABC;Plus de 50 ans;8970;;;-50.0;;;;974;Réunion;04;La Réunion;REU
2008-T4;2008-10;ABC;Plus de 50 ans;10450;;;500.0;;;;974;Réunion;04;La Réunion;REU
2010-T4;2010-10;ABC;Plus de 50 ans;17630;;;1010.0;;;;974;Réunion;04;La Réunion;REU
2014-T1;2014-01;ABC;Plus de 50 ans;29670;;;790.0;;;;974;Réunion;04;La Réunion;REU
2015-T4;2015-10;ABC;Plus de 50 ans;36620;;;1010.0;;;;974;Réunion;04;La Réunion;REU
2020-T2;2020-04;ABC;Plus de 50 ans;46970;;;560.0;;;;974;Réunion;04;La Réunion;REU
2006-T4;2006-10;D;Indifférent;3390;;;-50.0;;;;974;Réunion;04;La Réunion;REU
2010-T4;2010-10;D;Indifférent;4280;;;-170.0;;;;974;Réunion;04;La Réunion;REU
2019-T3;2019-07;D;Indifférent;6130;;;1040.0;;;;974;Réunion;04;La Réunion;REU
1996-T1;1996-01;E;Indifférent;2310;;;;;;;974;Réunion;04;La Réunion;REU
1997-T2;1997-04;E;Indifférent;1640;;;10.0;;;;974;Réunion;04;La Réunion;REU
2015-T1;2015-01;E;Indifférent;15130;;;810.0;;;;974;Réunion;04;La Réunion;REU
2015-T3;2015-07;E;Indifférent;15030;;;-140.0;;;;974;Réunion;04;La Réunion;REU
2016-T2;2016-04;E;Indifférent;15410;;;-300.0;;;;974;Réunion;04;La Réunion;REU
2002-T3;2002-07;ABC;Indifférent;115440;57310;58130;-1480.0;9560.0;9890.0;52230.0;974;Réunion;04;La Réunion;REU
2005-T1;2005-01;ABC;Indifférent;102830;50490;52350;510.0;9340.0;9630.0;42990.0;974;Réunion;04;La Réunion;REU
2005-T4;2005-10;ABC;Indifférent;98810;47600;51210;-610.0;9980.0;9520.0;42770.0;974;Réunion;04;La Réunion;REU
2012-T4;2012-10;ABC;Indifférent;147900;72180;75720;4270.0;11050.0;9380.0;76630.0;974;Réunion;04;La Réunion;REU
2016-T4;2016-10;ABC;Indifférent;161390;78180;83210;1610.0;11100.0;10870.0;87300.0;974;Réunion;04;La Réunion;REU
2000-T3;2000-07;B;Indifférent;2720;;;-260.0;;;;974;Réunion;04;La Réunion;REU
2004-T2;2004-04;B;Indifférent;4950;;;240.0;;;;974;Réunion;04;La Réunion;REU
2008-T4;2008-10;B;Indifférent;5790;;;30.0;;;;974;Réunion;04;La Réunion;REU
2014-T3;2014-07;B;Indifférent;9290;;;-120.0;;;;974;Réunion;04;La Réunion;REU
2018-T4;2018-10;B;Indifférent;12740;;;230.0;;;;974;Réunion;04;La Réunion;REU
2019-T3;2019-07;B;Indifférent;12410;;;-60.0;;;;974;Réunion;04;La Réunion;REU
2001-T1;2001-01;C;Indifférent;5100;;;160.0;;;;974;Réunion;04;La Réunion;REU
2005-T4;2005-10;C;Indifférent;6140;;;20.0;;;;974;Réunion;04;La Réunion;REU
2008-T1;2008-01;C;Indifférent;6400;;;110.0;;;;974;Réunion;04;La Réunion;REU
2018-T2;2018-04;C;Indifférent;15970;;;770.0;;;;974;Réunion;04;La Réunion;REU
2019-T4;2019-10;C;Indifférent;16570;;;-170.0;;;;974;Réunion;04;La Réunion;REU
1996-T3;1996-07;D;Indifférent;2920;;;-660.0;;;;974;Réunion;04;La Réunion;REU
2003-T1;2003-01;D;Indifférent;3930;;;790.0;;;;974;Réunion;04;La Réunion;REU
2015-T3;2015-07;D;Indifférent;3500;;;-190.0;;;;974;Réunion;04;La Réunion;REU
2018-T1;2018-01;D;Indifférent;4520;;;-10.0;;;;974;Réunion;04;La Réunion;REU
1999-T3;1999-07;E;Indifférent;4450;;;-290.0;;;;974;Réunion;04;La Réunion;REU
2003-T4;2003-10;E;Indifférent;7520;;;830.0;;;;974;Réunion;04;La Réunion;REU
2018-T3;2018-07;E;Indifférent;9170;;;-1140.0;;;;974;Réunion;04;La Réunion;REU
2019-T3;2019-07;E;Indifférent;10940;;;720.0;;;;974;Réunion;04;La Réunion;REU
1996-T1;1996-01;ABC;Entre 25 et 49 ans;67880;;;;;;;974;Réunion;04;La Réunion;REU
2001-T1;2001-01;ABC;Entre 25 et 49 ans;85600;;;-110.0;;;;974;Réunion;04;La Réunion;REU
2010-T4;2010-10;ABC;Entre 25 et 49 ans;88560;;;2250.0;;;;974;Réunion;04;La Réunion;REU
2013-T3;2013-07;ABC;Entre 25 et 49 ans;100340;;;-230.0;;;;974;Réunion;04;La Réunion;REU
2015-T2;2015-04;ABC;Entre 25 et 49 ans;101060;;;1300.0;;;;974;Réunion;04;La Réunion;REU
2020-T1;2020-01;ABC;Entre 25 et 49 ans;95170;;;-1590.0;;;;974;Réunion;04;La Réunion;REU
2004-T4;2004-10;ABC;Moins de 25 ans;20650;;;-90.0;;;;974;Réunion;04;La Réunion;REU
1998-T2;1998-04;A;Indifférent;107370;;;-1080.0;;;;974;Réunion;04;La Réunion;REU
1999-T3;1999-07;A;Indifférent;109270;;;-790.0;;;;974;Réunion;04;La Réunion;REU
2006-T4;2006-10;A;Indifférent;79840;;;-1510.0;;;;974;Réunion;04;La Réunion;REU
2001-T3;2001-07;ABC;Plus de 50 ans;8390;;;100.0;;;;974;Réunion;04;La Réunion;REU
2004-T3;2004-07;ABC;Plus de 50 ans;8720;;;130.0;;;;974;Réunion;04;La Réunion;REU
2002-T2;2002-04;ABC;Indifférent;116980;57970;59010;-1030.0;9720.0;9690.0;54040.0;974;Réunion;04;La Réunion;REU
2004-T1;2004-01;ABC;Indifférent;103000;51140;51870;-1680.0;10460.0;10840.0;43390.0;974;Réunion;04;La Réunion;REU
2005-T1;2005-01;ABC;Indifférent;102910;50530;52380;580.0;9330.0;9640.0;43110.0;974;Réunion;04;La Réunion;REU
2005-T2;2005-04;ABC;Indifférent;100970;49400;51570;-1940.0;9260.0;9420.0;43360.0;974;Réunion;04;La Réunion;REU
2007-T1;2007-01;ABC;Indifférent;89630;42370;47260;-1860.0;9370.0;9560.0;42170.0;974;Réunion;04;La Réunion;REU
2012-T3;2012-07;ABC;Indifférent;143650;69710;73940;3600.0;10670.0;9480.0;74580.0;974;Réunion;04;La Réunion;REU
1999-T2;1999-04;ABC;Plus de 50 ans;7660;;;160.0;;;;974;Réunion;04;La Réunion;REU
2000-T1;2000-01;ABC;Plus de 50 ans;7840;;;-100.0;;;;974;Réunion;04;La Réunion;REU
2012-T2;2012-04;ABC;Plus de 50 ans;22610;;;910.0;;;;974;Réunion;04;La Réunion;REU
2018-T4;2018-10;ABC;Plus de 50 ans;45610;;;240.0;;;;974;Réunion;04;La Réunion;REU
2020-T1;2020-01;ABC;Plus de 50 ans;46410;;;0.0;;;;974;Réunion;04;La Réunion;REU
2004-T2;2004-04;ABC;Entre 25 et 49 ans;73600;;;-230.0;;;;974;Réunion;04;La Réunion;REU
2010-T1;2010-01;ABC;Entre 25 et 49 ans;82040;;;2820.0;;;;974;Réunion;04;La Réunion;REU
2000-T3;2000-07;ABC;Indifférent;116250;57810;58440;-550.0;8860.0;8470.0;53580.0;974;Réunion;04;La Réunion;REU
2010-T1;2010-01;ABC;Indifférent;118860;59300;59570;4470.0;12000.0;10540.0;50330.0;974;Réunion;04;La Réunion;REU
2002-T2;2002-04;ABC;Indifférent;116920;57940;58980;-1000.0;9730.0;9720.0;54010.0;974;Réunion;04;La Réunion;REU
2002-T4;2002-10;ABC;Indifférent;113410;56910;56500;-2030.0;9950.0;10150.0;50040.0;974;Réunion;04;La Réunion;REU
2004-T4;2004-10;ABC;Indifférent;102320;50260;52060;-390.0;9820.0;9440.0;42320.0;974;Réunion;04;La Réunion;REU
2011-T3;2011-07;ABC;Indifférent;135450;65730;69710;1700.0;11190.0;10480.0;68700.0;974;Réunion;04;La Réunion;REU
2018-T2;2018-04;ABC;Indifférent;168040;81340;86700;2680.0;11890.0;10660.0;93020.0;974;Réunion;04;La Réunion;REU
2020-T2;2020-04;ABC;Indifférent;164240;79150;85090;3040.0;9070.0;7680.0;97970.0;974;Réunion;04;La Réunion;REU
2015-T3;2015-07;ABC;Moins de 25 ans;22890;;;-370.0;;;;974;Réunion;04;La Réunion;REU
1999-T4;1999-10;A;Indifférent;109070;;;-200.0;;;;974;Réunion;04;La Réunion;REU
2013-T2;2013-04;A;Indifférent;134450;;;1660.0;;;;974;Réunion;04;La Réunion;REU
2019-T1;2019-01;A;Indifférent;138900;;;-360.0;;;;974;Réunion;04;La Réunion;REU
1998-T1;1998-01;B;Indifférent;1930;;;310.0;;;;974;Réunion;04;La Réunion;REU
1998-T4;1998-10;B;Indifférent;2090;;;180.0;;;;974;Réunion;04;La Réunion;REU
2002-T3;2002-07;B;Indifférent;4390;;;260.0;;;;974;Réunion;04;La Réunion;REU
2002-T4;2002-10;B;Indifférent;4400;;;10.0;;;;974;Réunion;04;La Réunion;REU
2006-T4;2006-10;B;Indifférent;5750;;;170.0;;;;974;Réunion;04;La Réunion;REU
2018-T3;2018-07;B;Indifférent;12510;;;-40.0;;;;974;Réunion;04;La Réunion;REU
1998-T3;1998-07;C;Indifférent;1000;;;-1730.0;;;;974;Réunion;04;La Réunion;REU
2000-T2;2000-04;C;Indifférent;4460;;;-280.0;;;;974;Réunion;04;La Réunion;REU
2008-T2;2008-04;C;Indifférent;6250;;;-150.0;;;;974;Réunion;04;La Réunion;REU
2009-T1;2009-01;C;Indifférent;5470;;;60.0;;;;974;Réunion;04;La Réunion;REU
2002-T4;2002-10;D;Indifférent;3140;;;260.0;;;;974;Réunion;04;La Réunion;REU
2007-T4;2007-10;D;Indifférent;3230;;;50.0;;;;974;Réunion;04;La Réunion;REU
2011-T2;2011-04;D;Indifférent;3560;;;-410.0;;;;974;Réunion;04;La Réunion;REU
2017-T1;2017-01;D;Indifférent;5010;;;580.0;;;;974;Réunion;04;La Réunion;REU
2002-T3;2002-07;E;Indifférent;7560;;;0.0;;;;974;Réunion;04;La Réunion;REU
2016-T4;2016-10;E;Indifférent;15500;;;210.0;;;;974;Réunion;04;La Réunion;REU
2000-T3;2000-07;ABC;Moins de 25 ans;24000;;;-760.0;;;;974;Réunion;04;La Réunion;REU
2001-T3;2001-07;ABC;Moins de 25 ans;24450;;;-420.0;;;;974;Réunion;04;La Réunion;REU
2006-T2;2006-04;ABC;Moins de 25 ans;18460;;;-560.0;;;;974;Réunion;04;La Réunion;REU
2005-T1;2005-01;A;Indifférent;91140;;;380.0;;;;974;Réunion;04;La Réunion;REU
2005-T2;2005-04;A;Indifférent;89390;;;-1750.0;;;;974;Réunion;04;La Réunion;REU
2006-T1;2006-01;A;Indifférent;86210;;;-680.0;;;;974;Réunion;04;La Réunion;REU
2018-T3;2018-07;A;Indifférent;139840;;;320.0;;;;974;Réunion;04;La Réunion;REU
2000-T4;2000-10;D;Indifférent;3740;;;100.0;;;;974;Réunion;04;La Réunion;REU
2002-T2;2002-04;D;Indifférent;3500;;;-10.0;;;;974;Réunion;04;La Réunion;REU
2012-T2;2012-04;D;Indifférent;3520;;;-340.0;;;;974;Réunion;04;La Réunion;REU
2002-T1;2002-01;E;Indifférent;6270;;;-140.0;;;;974;Réunion;04;La Réunion;REU
2013-T4;2013-10;E;Indifférent;12630;;;1570.0;;;;974;Réunion;04;La Réunion;REU
2016-T3;2016-07;E;Indifférent;15290;;;-120.0;;;;974;Réunion;04;La Réunion;REU
2017-T1;2017-01;E;Indifférent;15310;;;-190.0;;;;974;Réunion;04;La Réunion;REU
2019-T4;2019-10;E;Indifférent;11210;;;270.0;;;;974;Réunion;04;La Réunion;REU
2021-T2;2021-04;E;Indifférent;11080;;;820.0;;;;974;Réunion;04;La Réunion;REU
2002-T4;2002-10;C;Indifférent;6370;;;-320.0;;;;974;Réunion;04;La Réunion;REU
2016-T1;2016-01;C;Indifférent;13280;;;50.0;;;;974;Réunion;04;La Réunion;REU
2020-T3;2020-07;C;Indifférent;16860;;;3700.0;;;;974;Réunion;04;La Réunion;REU
2021-T2;2021-04;ABC;Plus de 50 ans;48040;;;50.0;;;;974;Réunion;04;La Réunion;REU
2006-T3;2006-07;ABC;Entre 25 et 49 ans;65120;;;-1530.0;;;;974;Réunion;04;La Réunion;REU
2012-T1;2012-01;ABC;Entre 25 et 49 ans;92790;;;760.0;;;;974;Réunion;04;La Réunion;REU
1997-T3;1997-07;ABC;Indifférent;110710;55740;54960;2430.0;8780.0;7390.0;48680.0;974;Réunion;04;La Réunion;REU
1998-T3;1998-07;ABC;Indifférent;111990;56680;55310;60.0;7680.0;7890.0;54590.0;974;Réunion;04;La Réunion;REU
2005-T2;2005-04;ABC;Indifférent;100980;49410;51570;-1850.0;9250.0;9430.0;43420.0;974;Réunion;04;La Réunion;REU
2013-T2;2013-04;ABC;Indifférent;152980;75370;77600;1980.0;10810.0;10600.0;82430.0;974;Réunion;04;La Réunion;REU
2017-T4;2017-10;ABC;Indifférent;163360;79040;84320;1710.0;11370.0;10940.0;89600.0;974;Réunion;04;La Réunion;REU
2012-T1;2012-01;B;Indifférent;7740;;;60.0;;;;974;Réunion;04;La Réunion;REU
2004-T2;2004-04;ABC;Indifférent;103040;50940;52100;40.0;10580.0;9750.0;41970.0;974;Réunion;04;La Réunion;REU
2006-T4;2006-10;ABC;Indifférent;91490;43770;47720;-1200.0;8790.0;9320.0;42760.0;974;Réunion;04;La Réunion;REU
2007-T3;2007-07;ABC;Indifférent;88320;41320;46990;-1070.0;9650.0;9580.0;39070.0;974;Réunion;04;La Réunion;REU
2013-T3;2013-07;ABC;Indifférent;153530;75610;77930;570.0;10900.0;10200.0;83710.0;974;Réunion;04;La Réunion;REU
2020-T1;2020-01;ABC;Indifférent;161220;77660;83560;-1850.0;11130.0;11350.0;95060.0;974;Réunion;04;La Réunion;REU
2013-T2;2013-04;ABC;Indifférent;152960;75360;77600;2050.0;10790.0;10520.0;82440.0;974;Réunion;04;La Réunion;REU
2003-T2;2003-04;ABC;Plus de 50 ans;8440;;;10.0;;;;974;Réunion;04;La Réunion;REU
2018-T2;2018-04;ABC;Plus de 50 ans;44530;;;1150.0;;;;974;Réunion;04;La Réunion;REU
2020-T4;2020-10;ABC;Plus de 50 ans;47610;;;90.0;;;;974;Réunion;04;La Réunion;REU
2021-T1;2021-01;ABC;Plus de 50 ans;47990;;;380.0;;;;974;Réunion;04;La Réunion;REU
2006-T4;2006-10;ABC;Entre 25 et 49 ans;63930;;;-1190.0;;;;974;Réunion;04;La Réunion;REU
2011-T1;2011-01;ABC;Entre 25 et 49 ans;90720;;;2160.0;;;;974;Réunion;04;La Réunion;REU
2021-T2;2021-04;ABC;Entre 25 et 49 ans;94160;;;-850.0;;;;974;Réunion;04;La Réunion;REU
2010-T2;2010-04;ABC;Indifférent;121770;60580;61190;2940.0;11790.0;10760.0;54030.0;974;Réunion;04;La Réunion;REU
2014-T3;2014-07;ABC;Indifférent;155650;76450;79200;420.0;10760.0;10670.0;88370.0;974;Réunion;04;La Réunion;REU
2017-T2;2017-04;ABC;Indifférent;160620;77820;82810;-750.0;11440.0;11910.0;87700.0;974;Réunion;04;La Réunion;REU
2003-T3;2003-07;ABC;Moins de 25 ans;21360;;;-1000.0;;;;974;Réunion;04;La Réunion;REU
2004-T3;2004-07;ABC;Moins de 25 ans;20740;;;-90.0;;;;974;Réunion;04;La Réunion;REU
2016-T4;2016-10;ABC;Moins de 25 ans;21680;;;50.0;;;;974;Réunion;04;La Réunion;REU
1996-T1;1996-01;D;Indifférent;2690;;;;;;;974;Réunion;04;La Réunion;REU
1998-T4;1998-10;D;Indifférent;2780;;;130.0;;;;974;Réunion;04;La Réunion;REU
2003-T2;2003-04;D;Indifférent;4010;;;80.0;;;;974;Réunion;04;La Réunion;REU
2010-T2;2010-04;D;Indifférent;4720;;;10.0;;;;974;Réunion;04;La Réunion;REU
2014-T4;2014-10;D;Indifférent;3800;;;-120.0;;;;974;Réunion;04;La Réunion;REU
2015-T1;2015-01;D;Indifférent;3690;;;-110.0;;;;974;Réunion;04;La Réunion;REU
2009-T4;2009-10;E;Indifférent;7470;;;110.0;;;;974;Réunion;04;La Réunion;REU
2011-T4;2011-10;E;Indifférent;10900;;;1200.0;;;;974;Réunion;04;La Réunion;REU
2013-T2;2013-04;B;Indifférent;8940;;;160.0;;;;974;Réunion;04;La Réunion;REU
2020-T2;2020-04;B;Indifférent;10990;;;-2000.0;;;;974;Réunion;04;La Réunion;REU
1996-T1;1996-01;C;Indifférent;2080;;;;;;;974;Réunion;04;La Réunion;REU
1999-T1;1999-01;C;Indifférent;3490;;;720.0;;;;974;Réunion;04;La Réunion;REU
2001-T2;2001-04;C;Indifférent;6500;;;1400.0;;;;974;Réunion;04;La Réunion;REU
2012-T1;2012-01;C;Indifférent;8660;;;290.0;;;;974;Réunion;04;La Réunion;REU
2016-T1;2016-01;A;Indifférent;137030;;;950.0;;;;974;Réunion;04;La Réunion;REU
2017-T4;2017-10;A;Indifférent;136280;;;680.0;;;;974;Réunion;04;La Réunion;REU
2020-T3;2020-07;A;Indifférent;135710;;;-4380.0;;;;974;Réunion;04;La Réunion;REU
2006-T4;2006-10;ABC;Plus de 50 ans;9030;;;60.0;;;;974;Réunion;04;La Réunion;REU
2011-T4;2011-10;ABC;Plus de 50 ans;20780;;;780.0;;;;974;Réunion;04;La Réunion;REU
2017-T3;2017-07;ABC;Plus de 50 ans;41250;;;800.0;;;;974;Réunion;04;La Réunion;REU
1997-T2;1997-04;ABC;Entre 25 et 49 ans;76080;;;1590.0;;;;974;Réunion;04;La Réunion;REU
2012-T4;2012-10;ABC;Entre 25 et 49 ans;98190;;;2430.0;;;;974;Réunion;04;La Réunion;REU
2016-T3;2016-07;ABC;Entre 25 et 49 ans;99380;;;60.0;;;;974;Réunion;04;La Réunion;REU
2018-T3;2018-07;ABC;Entre 25 et 49 ans;102310;;;200.0;;;;974;Réunion;04;La Réunion;REU
2003-T2;2003-04;ABC;Indifférent;109650;55390;54260;-670.0;9160.0;9790.0;47270.0;974;Réunion;04;La Réunion;REU
2008-T3;2008-07;ABC;Indifférent;91150;42690;48460;2260.0;9900.0;9170.0;36960.0;974;Réunion;04;La Réunion;REU
2014-T4;2014-10;ABC;Indifférent;156100;76690;79420;400.0;10740.0;10630.0;87580.0;974;Réunion;04;La Réunion;REU
1999-T4;1999-10;ABC;Moins de 25 ans;24580;;;-360.0;;;;974;Réunion;04;La Réunion;REU
2001-T4;2001-10;ABC;Moins de 25 ans;24010;;;-440.0;;;;974;Réunion;04;La Réunion;REU
2003-T2;2003-04;ABC;Moins de 25 ans;22360;;;-70.0;;;;974;Réunion;04;La Réunion;REU
2004-T1;2004-01;ABC;Moins de 25 ans;20610;;;-70.0;;;;974;Réunion;04;La Réunion;REU
2007-T2;2007-04;ABC;Moins de 25 ans;17690;;;-100.0;;;;974;Réunion;04;La Réunion;REU
2009-T1;2009-01;ABC;Moins de 25 ans;18250;;;620.0;;;;974;Réunion;04;La Réunion;REU
2009-T2;2009-04;ABC;Moins de 25 ans;19610;;;1360.0;;;;974;Réunion;04;La Réunion;REU
2017-T1;2017-01;ABC;Moins de 25 ans;21350;;;-330.0;;;;974;Réunion;04;La Réunion;REU
2018-T2;2018-04;ABC;Moins de 25 ans;21410;;;270.0;;;;974;Réunion;04;La Réunion;REU
2020-T2;2020-04;ABC;Moins de 25 ans;20370;;;760.0;;;;974;Réunion;04;La Réunion;REU
2021-T3;2021-07;ABC;Moins de 25 ans;19590;;;-370.0;;;;974;Réunion;04;La Réunion;REU
2003-T1;2003-01;ABC;Indifférent;110270;55600;54670;-3140.0;9900.0;10900.0;47480.0;974;Réunion;04;La Réunion;REU
2004-T1;2004-01;ABC;Indifférent;102920;51100;51810;-1780.0;10470.0;10780.0;43330.0;974;Réunion;04;La Réunion;REU
2007-T2;2007-04;ABC;Indifférent;89440;42020;47420;-110.0;9700.0;9920.0;40890.0;974;Réunion;04;La Réunion;REU
2019-T1;2019-01;ABC;Indifférent;168630;81440;87190;470.0;11100.0;11250.0;99240.0;974;Réunion;04;La Réunion;REU
2019-T3;2019-07;ABC;Indifférent;165840;80380;85460;-2060.0;11380.0;11970.0;99340.0;974;Réunion;04;La Réunion;REU
2001-T3;2001-07;D;Indifférent;3400;;;460.0;;;;974;Réunion;04;La Réunion;REU
2007-T3;2007-07;D;Indifférent;3180;;;-30.0;;;;974;Réunion;04;La Réunion;REU
2002-T2;2002-04;E;Indifférent;7560;;;1290.0;;;;974;Réunion;04;La Réunion;REU
2011-T1;2011-01;E;Indifférent;9480;;;-40.0;;;;974;Réunion;04;La Réunion;REU
2012-T3;2012-07;E;Indifférent;9750;;;-1390.0;;;;974;Réunion;04;La Réunion;REU
2012-T4;2012-10;E;Indifférent;9500;;;-250.0;;;;974;Réunion;04;La Réunion;REU
2017-T3;2017-07;E;Indifférent;14540;;;-960.0;;;;974;Réunion;04;La Réunion;REU
1996-T2;1996-04;C;Indifférent;1900;;;-180.0;;;;974;Réunion;04;La Réunion;REU
1996-T3;1996-07;C;Indifférent;2080;;;180.0;;;;974;Réunion;04;La Réunion;REU
1998-T2;1998-04;C;Indifférent;2730;;;-460.0;;;;974;Réunion;04;La Réunion;REU
2013-T2;2013-04;C;Indifférent;9590;;;160.0;;;;974;Réunion;04;La Réunion;REU
2015-T4;2015-10;C;Indifférent;13230;;;200.0;;;;974;Réunion;04;La Réunion;REU
1999-T4;1999-10;ABC;Indifférent;116350;58420;57930;270.0;8230.0;7780.0;54950.0;974;Réunion;04;La Réunion;REU
2009-T2;2009-04;ABC;Indifférent;104640;51740;52900;6520.0;11230.0;9240.0;40930.0;974;Réunion;04;La Réunion;REU
2011-T2;2011-04;ABC;Indifférent;133750;64890;68860;1300.0;10910.0;10210.0;66150.0;974;Réunion;04;La Réunion;REU
2016-T2;2016-04;ABC;Indifférent;158650;77090;81560;-2000.0;11500.0;11780.0;87210.0;974;Réunion;04;La Réunion;REU
2021-T3;2021-07;ABC;Indifférent;160700;77040;83660;-1460.0;11380.0;11630.0;92940.0;974;Réunion;04;La Réunion;REU
1998-T3;1998-07;B;Indifférent;1910;;;80.0;;;;974;Réunion;04;La Réunion;REU
2013-T4;2013-10;B;Indifférent;9210;;;160.0;;;;974;Réunion;04;La Réunion;REU
2016-T2;2016-04;B;Indifférent;10460;;;120.0;;;;974;Réunion;04;La Réunion;REU
2017-T2;2017-04;B;Indifférent;11350;;;360.0;;;;974;Réunion;04;La Réunion;REU
2021-T3;2021-07;B;Indifférent;12770;;;-60.0;;;;974;Réunion;04;La Réunion;REU
1998-T4;1998-10;C;Indifférent;2770;;;1770.0;;;;974;Réunion;04;La Réunion;REU
2001-T4;2001-10;C;Indifférent;6310;;;90.0;;;;974;Réunion;04;La Réunion;REU
2004-T2;2004-04;C;Indifférent;5850;;;-100.0;;;;974;Réunion;04;La Réunion;REU
2004-T4;2004-10;C;Indifférent;6280;;;0.0;;;;974;Réunion;04;La Réunion;REU
2008-T3;2008-07;C;Indifférent;5700;;;-550.0;;;;974;Réunion;04;La Réunion;REU
2016-T4;2016-10;C;Indifférent;13620;;;-30.0;;;;974;Réunion;04;La Réunion;REU
2006-T3;2006-07;E;Indifférent;6750;;;60.0;;;;974;Réunion;04;La Réunion;REU
2012-T2;2012-04;E;Indifférent;11140;;;-40.0;;;;974;Réunion;04;La Réunion;REU
2014-T4;2014-10;E;Indifférent;14320;;;840.0;;;;974;Réunion;04;La Réunion;REU
1999-T2;1999-04;D;Indifférent;2640;;;-230.0;;;;974;Réunion;04;La Réunion;REU
1999-T4;1999-10;D;Indifférent;3270;;;130.0;;;;974;Réunion;04;La Réunion;REU
2008-T1;2008-01;D;Indifférent;3130;;;-100.0;;;;974;Réunion;04;La Réunion;REU
2015-T2;2015-04;D;Indifférent;3690;;;0.0;;;;974;Réunion;04;La Réunion;REU
2016-T1;2016-01;D;Indifférent;4200;;;300.0;;;;974;Réunion;04;La Réunion;REU
2017-T2;2017-04;D;Indifférent;5050;;;40.0;;;;974;Réunion;04;La Réunion;REU
2020-T2;2020-04;D;Indifférent;5940;;;-360.0;;;;974;Réunion;04;La Réunion;REU
1996-T2;1996-04;ABC;Plus de 50 ans;6320;;;130.0;;;;974;Réunion;04;La Réunion;REU
2001-T1;2001-01;ABC;Plus de 50 ans;8040;;;140.0;;;;974;Réunion;04;La Réunion;REU
2005-T2;2005-04;ABC;Plus de 50 ans;9020;;;60.0;;;;974;Réunion;04;La Réunion;REU
2013-T3;2013-07;ABC;Plus de 50 ans;28150;;;820.0;;;;974;Réunion;04;La Réunion;REU
2018-T3;2018-07;ABC;Plus de 50 ans;45370;;;840.0;;;;974;Réunion;04;La Réunion;REU
1996-T4;1996-10;ABC;Entre 25 et 49 ans;73550;;;2450.0;;;;974;Réunion;04;La Réunion;REU
2001-T4;2001-10;ABC;Entre 25 et 49 ans;85620;;;-1100.0;;;;974;Réunion;04;La Réunion;REU
2007-T1;2007-01;ABC;Entre 25 et 49 ans;62660;;;-1270.0;;;;974;Réunion;04;La Réunion;REU
2020-T2;2020-04;ABC;Entre 25 et 49 ans;96890;;;1720.0;;;;974;Réunion;04;La Réunion;REU
2013-T1;2013-01;ABC;Indifférent;150910;74140;76770;2940.0;10570.0;9960.0;79700.0;974;Réunion;04;La Réunion;REU
2001-T2;2001-04;ABC;Moins de 25 ans;24870;;;-30.0;;;;974;Réunion;04;La Réunion;REU
1996-T1;1996-01;A;Indifférent;93890;;;;;;;974;Réunion;04;La Réunion;REU
1999-T1;1999-01;A;Indifférent;108640;;;370.0;;;;974;Réunion;04;La Réunion;REU
2002-T1;2002-01;A;Indifférent;107390;;;-470.0;;;;974;Réunion;04;La Réunion;REU
2004-T1;2004-01;A;Indifférent;92250;;;-2020.0;;;;974;Réunion;04;La Réunion;REU
2005-T3;2005-07;A;Indifférent;87770;;;-1620.0;;;;974;Réunion;04;La Réunion;REU
1996-T3;1996-07;ABC;Entre 25 et 49 ans;71100;;;1770.0;;;;974;Réunion;04;La Réunion;REU
2004-T1;2004-01;ABC;Entre 25 et 49 ans;73830;;;-1630.0;;;;974;Réunion;04;La Réunion;REU
2012-T3;2012-07;ABC;Entre 25 et 49 ans;95760;;;1910.0;;;;974;Réunion;04;La Réunion;REU
1997-T1;1997-01;ABC;Moins de 25 ans;24920;;;310.0;;;;974;Réunion;04;La Réunion;REU
1997-T3;1997-07;ABC;Moins de 25 ans;25520;;;380.0;;;;974;Réunion;04;La Réunion;REU
1998-T3;1998-07;ABC;Moins de 25 ans;23930;;;-620.0;;;;974;Réunion;04;La Réunion;REU
2003-T1;2003-01;ABC;Moins de 25 ans;22430;;;-1110.0;;;;974;Réunion;04;La Réunion;REU
2000-T4;2000-10;A;Indifférent;110460;;;1840.0;;;;974;Réunion;04;La Réunion;REU
2010-T2;2010-04;A;Indifférent;107790;;;2640.0;;;;974;Réunion;04;La Réunion;REU
2013-T1;2013-01;A;Indifférent;132790;;;2870.0;;;;974;Réunion;04;La Réunion;REU
2016-T3;2016-07;A;Indifférent;135380;;;540.0;;;;974;Réunion;04;La Réunion;REU
2006-T3;2006-07;ABC;Indifférent;92790;44580;48210;-1330.0;8920.0;9210.0;42230.0;974;Réunion;04;La Réunion;REU
2004-T3;2004-07;B;Indifférent;5100;;;150.0;;;;974;Réunion;04;La Réunion;REU
2005-T4;2005-10;B;Indifférent;5770;;;240.0;;;;974;Réunion;04;La Réunion;REU
2017-T4;2017-10;B;Indifférent;12070;;;470.0;;;;974;Réunion;04;La Réunion;REU
2011-T1;2011-01;ABC;Plus de 50 ans;18550;;;920.0;;;;974;Réunion;04;La Réunion;REU
2016-T1;2016-01;ABC;Plus de 50 ans;37600;;;980.0;;;;974;Réunion;04;La Réunion;REU
2007-T2;2007-04;D;Indifférent;3210;;;-60.0;;;;974;Réunion;04;La Réunion;REU
2009-T4;2009-10;D;Indifférent;3790;;;330.0;;;;974;Réunion;04;La Réunion;REU
2011-T3;2011-07;D;Indifférent;3530;;;-30.0;;;;974;Réunion;04;La Réunion;REU
2009-T3;2009-07;ABC;Indifférent;108650;54370;54280;4050.0;11510.0;10160.0;43510.0;974;Réunion;04;La Réunion;REU
2016-T2;2016-04;ABC;Indifférent;158580;77080;81510;-2080.0;11540.0;11770.0;87180.0;974;Réunion;04;La Réunion;REU
1996-T4;1996-10;E;Indifférent;950;;;-1080.0;;;;974;Réunion;04;La Réunion;REU
1998-T3;1998-07;E;Indifférent;2650;;;-830.0;;;;974;Réunion;04;La Réunion;REU
1999-T1;1999-01;E;Indifférent;3540;;;-650.0;;;;974;Réunion;04;La Réunion;REU
2011-T3;2011-07;C;Indifférent;8290;;;250.0;;;;974;Réunion;04;La Réunion;REU
2014-T3;2014-07;C;Indifférent;11170;;;260.0;;;;974;Réunion;04;La Réunion;REU
2014-T4;2014-10;C;Indifférent;11650;;;480.0;;;;974;Réunion;04;La Réunion;REU
2003-T3;2003-07;E;Indifférent;6690;;;-2170.0;;;;974;Réunion;04;La Réunion;REU
2006-T2;2006-04;E;Indifférent;6690;;;1400.0;;;;974;Réunion;04;La Réunion;REU
2006-T4;2006-10;E;Indifférent;7220;;;470.0;;;;974;Réunion;04;La Réunion;REU
2019-T2;2019-04;E;Indifférent;10220;;;640.0;;;;974;Réunion;04;La Réunion;REU
2001-T3;2001-07;ABC;Indifférent;119460;58850;60610;-10.0;9260.0;9130.0;55170.0;974;Réunion;04;La Réunion;REU
2002-T3;2002-07;ABC;Indifférent;115330;57280;58050;-1650.0;9540.0;9940.0;52160.0;974;Réunion;04;La Réunion;REU
2008-T1;2008-01;ABC;Indifférent;86890;40330;46560;120.0;9970.0;9290.0;37070.0;974;Réunion;04;La Réunion;REU
2019-T1;2019-01;ABC;Indifférent;168570;81440;87130;360.0;11160.0;11240.0;99160.0;974;Réunion;04;La Réunion;REU
2001-T2;2001-04;ABC;Entre 25 et 49 ans;86340;;;740.0;;;;974;Réunion;04;La Réunion;REU
2007-T3;2007-07;ABC;Entre 25 et 49 ans;61800;;;-770.0;;;;974;Réunion;04;La Réunion;REU
2009-T1;2009-01;ABC;Entre 25 et 49 ans;68740;;;3270.0;;;;974;Réunion;04;La Réunion;REU
2016-T1;2016-01;ABC;Entre 25 et 49 ans;101090;;;260.0;;;;974;Réunion;04;La Réunion;REU
2001-T4;2001-10;ABC;Plus de 50 ans;8470;;;80.0;;;;974;Réunion;04;La Réunion;REU
2006-T2;2006-04;ABC;Plus de 50 ans;9020;;;-260.0;;;;974;Réunion;04;La Réunion;REU
2001-T1;2001-01;ABC;Indifférent;118540;58280;60260;270.0;8440.0;8390.0;55070.0;974;Réunion;04;La Réunion;REU
2012-T2;2012-04;ABC;Moins de 25 ans;23680;;;140.0;;;;974;Réunion;04;La Réunion;REU
2018-T3;2018-07;ABC;Moins de 25 ans;21190;;;-220.0;;;;974;Réunion;04;La Réunion;REU
1996-T4;1996-10;A;Indifférent;101220;;;2890.0;;;;974;Réunion;04;La Réunion;REU
2002-T3;2002-07;A;Indifférent;104350;;;-1660.0;;;;974;Réunion;04;La Réunion;REU
2007-T4;2007-10;A;Indifférent;74780;;;-1660.0;;;;974;Réunion;04;La Réunion;REU
2000-T4;2000-10;C;Indifférent;4940;;;-110.0;;;;974;Réunion;04;La Réunion;REU
2012-T3;2012-07;C;Indifférent;9250;;;250.0;;;;974;Réunion;04;La Réunion;REU
2013-T3;2013-07;C;Indifférent;9840;;;250.0;;;;974;Réunion;04;La Réunion;REU
2016-T3;2016-07;C;Indifférent;13650;;;300.0;;;;974;Réunion;04;La Réunion;REU
2017-T1;2017-01;C;Indifférent;13510;;;-110.0;;;;974;Réunion;04;La Réunion;REU
2018-T4;2018-10;C;Indifférent;16170;;;-360.0;;;;974;Réunion;04;La Réunion;REU
2016-T4;2016-10;B;Indifférent;11100;;;340.0;;;;974;Réunion;04;La Réunion;REU
2001-T1;2001-01;D;Indifférent;3140;;;-600.0;;;;974;Réunion;04;La Réunion;REU
2009-T3;2009-07;D;Indifférent;3460;;;420.0;;;;974;Réunion;04;La Réunion;REU
2017-T3;2017-07;D;Indifférent;4960;;;-90.0;;;;974;Réunion;04;La Réunion;REU
2000-T3;2000-07;ABC;Indifférent;116390;57830;58560;-400.0;8820.0;8460.0;53640.0;974;Réunion;04;La Réunion;REU
2007-T4;2007-10;ABC;Indifférent;86720;40510;46210;-1660.0;8800.0;9790.0;37620.0;974;Réunion;04;La Réunion;REU
2013-T4;2013-10;ABC;Indifférent;153250;75270;77980;-280.0;10400.0;10570.0;85140.0;974;Réunion;04;La Réunion;REU
2018-T3;2018-07;ABC;Indifférent;168870;81780;87090;830.0;10800.0;10750.0;94980.0;974;Réunion;04;La Réunion;REU
2019-T2;2019-04;ABC;Indifférent;167900;81300;86600;-730.0;11210.0;11440.0;100490.0;974;Réunion;04;La Réunion;REU
1997-T1;1997-01;B;Indifférent;1560;;;60.0;;;;974;Réunion;04;La Réunion;REU
2007-T3;2007-07;B;Indifférent;5690;;;0.0;;;;974;Réunion;04;La Réunion;REU
2012-T4;2012-10;B;Indifférent;8660;;;240.0;;;;974;Réunion;04;La Réunion;REU
2014-T2;2014-04;B;Indifférent;9410;;;150.0;;;;974;Réunion;04;La Réunion;REU
2020-T1;2020-01;B;Indifférent;12990;;;670.0;;;;974;Réunion;04;La Réunion;REU
2001-T3;2001-07;C;Indifférent;6220;;;-280.0;;;;974;Réunion;04;La Réunion;REU
2004-T1;2004-01;C;Indifférent;5950;;;20.0;;;;974;Réunion;04;La Réunion;REU
2010-T4;2010-10;C;Indifférent;8100;;;320.0;;;;974;Réunion;04;La Réunion;REU
2001-T4;2001-10;D;Indifférent;3710;;;310.0;;;;974;Réunion;04;La Réunion;REU
2004-T2;2004-04;D;Indifférent;4110;;;20.0;;;;974;Réunion;04;La Réunion;REU
2005-T3;2005-07;D;Indifférent;3160;;;-760.0;;;;974;Réunion;04;La Réunion;REU
2005-T4;2005-10;D;Indifférent;3180;;;20.0;;;;974;Réunion;04;La Réunion;REU
2007-T1;2007-01;D;Indifférent;3270;;;-120.0;;;;974;Réunion;04;La Réunion;REU
2009-T2;2009-04;D;Indifférent;3040;;;180.0;;;;974;Réunion;04;La Réunion;REU
2011-T4;2011-10;D;Indifférent;3530;;;0.0;;;;974;Réunion;04;La Réunion;REU
2018-T4;2018-10;E;Indifférent;9390;;;220.0;;;;974;Réunion;04;La Réunion;REU
2020-T2;2020-04;E;Indifférent;9960;;;-980.0;;;;974;Réunion;04;La Réunion;REU
2010-T3;2010-07;ABC;Indifférent;125010;61980;63030;3310.0;12010.0;10850.0;57120.0;974;Réunion;04;La Réunion;REU
2010-T4;2010-10;ABC;Indifférent;128880;63490;65390;3870.0;11840.0;10510.0;61060.0;974;Réunion;04;La Réunion;REU
2003-T3;2003-07;ABC;Entre 25 et 49 ans;77790;;;-1070.0;;;;974;Réunion;04;La Réunion;REU
2009-T4;2009-10;ABC;Entre 25 et 49 ans;79220;;;3270.0;;;;974;Réunion;04;La Réunion;REU
2017-T2;2017-04;ABC;Entre 25 et 49 ans;99020;;;-800.0;;;;974;Réunion;04;La Réunion;REU
1999-T1;1999-01;ABC;Moins de 25 ans;24560;;;300.0;;;;974;Réunion;04;La Réunion;REU
2008-T3;2008-07;ABC;Moins de 25 ans;17250;;;240.0;;;;974;Réunion;04;La Réunion;REU
2014-T2;2014-04;ABC;Moins de 25 ans;24030;;;100.0;;;;974;Réunion;04;La Réunion;REU
2016-T3;2016-07;ABC;Moins de 25 ans;21630;;;400.0;;;;974;Réunion;04;La Réunion;REU
2019-T4;2019-10;ABC;Moins de 25 ans;19850;;;-570.0;;;;974;Réunion;04;La Réunion;REU
2002-T4;2002-10;A;Indifférent;102640;;;-1710.0;;;;974;Réunion;04;La Réunion;REU
2006-T3;2006-07;A;Indifférent;81350;;;-1170.0;;;;974;Réunion;04;La Réunion;REU
2012-T1;2012-01;A;Indifférent;121630;;;1450.0;;;;974;Réunion;04;La Réunion;REU
2015-T2;2015-04;A;Indifférent;136250;;;1110.0;;;;974;Réunion;04;La Réunion;REU
2015-T4;2015-10;A;Indifférent;136080;;;-680.0;;;;974;Réunion;04;La Réunion;REU
2005-T4;2005-10;ABC;Plus de 50 ans;9180;;;130.0;;;;974;Réunion;04;La Réunion;REU
2019-T1;2019-01;ABC;Plus de 50 ans;46150;;;540.0;;;;974;Réunion;04;La Réunion;REU
2003-T4;2003-10;ABC;Indifférent;104680;52130;52540;-2920.0;9990.0;10790.0;45170.0;974;Réunion;04;La Réunion;REU
2011-T1;2011-01;ABC;Indifférent;132460;64480;67980;3580.0;11790.0;10570.0;63960.0;974;Réunion;04;La Réunion;REU
2012-T4;2012-10;ABC;Indifférent;147970;72180;75790;4320.0;11130.0;9400.0;76660.0;974;Réunion;04;La Réunion;REU
2003-T4;2003-10;ABC;Entre 25 et 49 ans;75460;;;-2330.0;;;;974;Réunion;04;La Réunion;REU
2004-T3;2004-07;ABC;Entre 25 et 49 ans;73260;;;-340.0;;;;974;Réunion;04;La Réunion;REU
2017-T1;2017-01;ABC;Entre 25 et 49 ans;99820;;;-370.0;;;;974;Réunion;04;La Réunion;REU
2020-T3;2020-07;ABC;Entre 25 et 49 ans;96260;;;-630.0;;;;974;Réunion;04;La Réunion;REU
1999-T3;1999-07;ABC;Moins de 25 ans;24940;;;-110.0;;;;974;Réunion;04;La Réunion;REU
2011-T3;2011-07;ABC;Moins de 25 ans;23530;;;130.0;;;;974;Réunion;04;La Réunion;REU
2013-T3;2013-07;ABC;Moins de 25 ans;25040;;;-40.0;;;;974;Réunion;04;La Réunion;REU
2014-T3;2014-07;ABC;Moins de 25 ans;23900;;;-130.0;;;;974;Réunion;04;La Réunion;REU
2019-T2;2019-04;ABC;Moins de 25 ans;20760;;;-300.0;;;;974;Réunion;04;La Réunion;REU
1997-T3;1997-07;ABC;Plus de 50 ans;7230;;;170.0;;;;974;Réunion;04;La Réunion;REU
2000-T2;2000-04;ABC;Plus de 50 ans;7630;;;-210.0;;;;974;Réunion;04;La Réunion;REU
2000-T3;2000-07;ABC;Plus de 50 ans;7740;;;110.0;;;;974;Réunion;04;La Réunion;REU
1998-T3;1998-07;A;Indifférent;109080;;;1710.0;;;;974;Réunion;04;La Réunion;REU
1999-T2;1999-04;A;Indifférent;110060;;;1420.0;;;;974;Réunion;04;La Réunion;REU
2003-T2;2003-04;A;Indifférent;100050;;;290.0;;;;974;Réunion;04;La Réunion;REU
2004-T2;2004-04;A;Indifférent;92220;;;-30.0;;;;974;Réunion;04;La Réunion;REU
2008-T3;2008-07;A;Indifférent;79730;;;2790.0;;;;974;Réunion;04;La Réunion;REU
2021-T3;2021-07;A;Indifférent;128450;;;-1810.0;;;;974;Réunion;04;La Réunion;REU
1999-T1;1999-01;ABC;Plus de 50 ans;7500;;;130.0;;;;974;Réunion;04;La Réunion;REU
1999-T3;1999-07;ABC;Plus de 50 ans;7850;;;190.0;;;;974;Réunion;04;La Réunion;REU
1999-T4;1999-10;ABC;Plus de 50 ans;7940;;;90.0;;;;974;Réunion;04;La Réunion;REU
2005-T1;2005-01;ABC;Plus de 50 ans;8960;;;130.0;;;;974;Réunion;04;La Réunion;REU
2007-T1;2007-01;ABC;Plus de 50 ans;9100;;;70.0;;;;974;Réunion;04;La Réunion;REU
2007-T2;2007-04;ABC;Plus de 50 ans;9190;;;90.0;;;;974;Réunion;04;La Réunion;REU
2012-T1;2012-01;ABC;Plus de 50 ans;21700;;;920.0;;;;974;Réunion;04;La Réunion;REU
2012-T4;2012-10;ABC;Plus de 50 ans;25270;;;1400.0;;;;974;Réunion;04;La Réunion;REU
2019-T3;2019-07;ABC;Plus de 50 ans;46630;;;140.0;;;;974;Réunion;04;La Réunion;REU
1999-T4;1999-10;ABC;Entre 25 et 49 ans;83830;;;540.0;;;;974;Réunion;04;La Réunion;REU
2002-T2;2002-04;ABC;Entre 25 et 49 ans;84710;;;-760.0;;;;974;Réunion;04;La Réunion;REU
2006-T1;2006-01;ABC;Entre 25 et 49 ans;69650;;;-570.0;;;;974;Réunion;04;La Réunion;REU
2010-T2;2010-04;ABC;Entre 25 et 49 ans;84080;;;2040.0;;;;974;Réunion;04;La Réunion;REU
2011-T4;2011-10;ABC;Entre 25 et 49 ans;92030;;;110.0;;;;974;Réunion;04;La Réunion;REU
2013-T4;2013-10;ABC;Entre 25 et 49 ans;99560;;;-780.0;;;;974;Réunion;04;La Réunion;REU
2016-T2;2016-04;ABC;Entre 25 et 49 ans;99320;;;-1770.0;;;;974;Réunion;04;La Réunion;REU
2019-T3;2019-07;ABC;Indifférent;165860;80340;85530;-2080.0;11270.0;11900.0;99420.0;974;Réunion;04;La Réunion;REU
1997-T1;1997-01;ABC;Indifférent;106240;53460;52770;1350.0;8230.0;7440.0;44380.0;974;Réunion;04;La Réunion;REU
2018-T1;2018-01;ABC;Indifférent;165360;79900;85460;2000.0;11190.0;10480.0;91470.0;974;Réunion;04;La Réunion;REU
1999-T2;1999-04;B;Indifférent;2510;;;170.0;;;;974;Réunion;04;La Réunion;REU
2002-T2;2002-04;B;Indifférent;4130;;;100.0;;;;974;Réunion;04;La Réunion;REU
1997-T3;1997-07;C;Indifférent;2540;;;60.0;;;;974;Réunion;04;La Réunion;REU
1999-T4;1999-10;C;Indifférent;4700;;;420.0;;;;974;Réunion;04;La Réunion;REU
2006-T1;2006-01;C;Indifférent;6080;;;-60.0;;;;974;Réunion;04;La Réunion;REU
2007-T3;2007-07;C;Indifférent;6250;;;-150.0;;;;974;Réunion;04;La Réunion;REU
2013-T4;2013-10;C;Indifférent;10000;;;160.0;;;;974;Réunion;04;La Réunion;REU
2000-T1;2000-01;ABC;Moins de 25 ans;25410;;;830.0;;;;974;Réunion;04;La Réunion;REU
2006-T3;2006-07;ABC;Moins de 25 ans;18700;;;240.0;;;;974;Réunion;04;La Réunion;REU
2010-T2;2010-04;ABC;Moins de 25 ans;22160;;;0.0;;;;974;Réunion;04;La Réunion;REU
2016-T4;2016-10;A;Indifférent;136670;;;1290.0;;;;974;Réunion;04;La Réunion;REU
2017-T1;2017-01;A;Indifférent;136870;;;200.0;;;;974;Réunion;04;La Réunion;REU
2020-T1;2020-01;A;Indifférent;132600;;;-1530.0;;;;974;Réunion;04;La Réunion;REU
2004-T1;2004-01;D;Indifférent;4090;;;10.0;;;;974;Réunion;04;La Réunion;REU
2006-T3;2006-07;D;Indifférent;3440;;;-510.0;;;;974;Réunion;04;La Réunion;REU
2009-T3;2009-07;E;Indifférent;7360;;;-450.0;;;;974;Réunion;04;La Réunion;REU
2010-T1;2010-01;E;Indifférent;7760;;;290.0;;;;974;Réunion;04;La Réunion;REU
2016-T1;2016-01;E;Indifférent;15710;;;370.0;;;;974;Réunion;04;La Réunion;REU
2017-T2;2017-04;E;Indifférent;15500;;;190.0;;;;974;Réunion;04;La Réunion;REU
2018-T1;2018-01;E;Indifférent;12060;;;-1520.0;;;;974;Réunion;04;La Réunion;REU
2020-T3;2020-07;E;Indifférent;9450;;;-510.0;;;;974;Réunion;04;La Réunion;REU
2000-T1;2000-01;ABC;Indifférent;118170;58950;59220;1820.0;9440.0;7920.0;54840.0;974;Réunion;04;La Réunion;REU
2005-T3;2005-07;ABC;Indifférent;99420;48250;51170;-1560.0;9820.0;10410.0;42800.0;974;Réunion;04;La Réunion;REU
2010-T1;2010-01;ABC;Indifférent;118830;59230;59610;4550.0;12070.0;10550.0;50330.0;974;Réunion;04;La Réunion;REU
2020-T3;2020-07;ABC;Indifférent;164620;79200;85420;380.0;10940.0;11200.0;98290.0;974;Réunion;04;La Réunion;REU
2000-T4;2000-10;ABC;Plus de 50 ans;7900;;;160.0;;;;974;Réunion;04;La Réunion;REU
2009-T4;2009-10;ABC;Plus de 50 ans;13760;;;910.0;;;;974;Réunion;04;La Réunion;REU
2016-T3;2016-07;ABC;Plus de 50 ans;38770;;;670.0;;;;974;Réunion;04;La Réunion;REU
2021-T3;2021-07;ABC;Plus de 50 ans;48110;;;70.0;;;;974;Réunion;04;La Réunion;REU
2000-T4;2000-10;B;Indifférent;2870;;;150.0;;;;974;Réunion;04;La Réunion;REU
2005-T3;2005-07;B;Indifférent;5530;;;-50.0;;;;974;Réunion;04;La Réunion;REU
2007-T2;2007-04;B;Indifférent;5690;;;0.0;;;;974;Réunion;04;La Réunion;REU
2009-T2;2009-04;B;Indifférent;6050;;;300.0;;;;974;Réunion;04;La Réunion;REU
2015-T2;2015-04;B;Indifférent;9890;;;230.0;;;;974;Réunion;04;La Réunion;REU
2021-T2;2021-04;B;Indifférent;12830;;;-50.0;;;;974;Réunion;04;La Réunion;REU
2007-T1;2007-01;C;Indifférent;6110;;;270.0;;;;974;Réunion;04;La Réunion;REU
1999-T3;1999-07;ABC;Entre 25 et 49 ans;83290;;;-300.0;;;;974;Réunion;04;La Réunion;REU
2000-T4;2000-10;ABC;Entre 25 et 49 ans;85710;;;1070.0;;;;974;Réunion;04;La Réunion;REU
2014-T1;2014-01;ABC;Entre 25 et 49 ans;99230;;;-330.0;;;;974;Réunion;04;La Réunion;REU
2021-T1;2021-01;ABC;Entre 25 et 49 ans;95010;;;-40.0;;;;974;Réunion;04;La Réunion;REU
1996-T2;1996-04;D;Indifférent;3580;;;890.0;;;;974;Réunion;04;La Réunion;REU
2001-T2;2001-04;ABC;Indifférent;119470;58430;61040;800.0;9290.0;8580.0;55410.0;974;Réunion;04;La Réunion;REU
2004-T3;2004-07;ABC;Indifférent;102650;50510;52140;-390.0;9810.0;10200.0;42100.0;974;Réunion;04;La Réunion;REU
2005-T4;2005-10;ABC;Indifférent;98840;47590;51250;-480.0;10020.0;9510.0;42770.0;974;Réunion;04;La Réunion;REU
1996-T4;1996-10;ABC;Moins de 25 ans;24610;;;400.0;;;;974;Réunion;04;La Réunion;REU
1998-T1;1998-01;ABC;Moins de 25 ans;25590;;;-550.0;;;;974;Réunion;04;La Réunion;REU
2002-T3;2002-07;ABC;Moins de 25 ans;23870;;;230.0;;;;974;Réunion;04;La Réunion;REU
2019-T1;2019-01;ABC;Moins de 25 ans;21060;;;90.0;;;;974;Réunion;04;La Réunion;REU
2020-T1;2020-01;ABC;Moins de 25 ans;19610;;;-240.0;;;;974;Réunion;04;La Réunion;REU
1997-T4;1997-10;A;Indifférent;109060;;;2530.0;;;;974;Réunion;04;La Réunion;REU
2009-T1;2009-01;A;Indifférent;86900;;;4550.0;;;;974;Réunion;04;La Réunion;REU
1999-T4;1999-10;E;Indifférent;6440;;;1990.0;;;;974;Réunion;04;La Réunion;REU
2000-T2;2000-04;E;Indifférent;8250;;;2120.0;;;;974;Réunion;04;La Réunion;REU
2007-T2;2007-04;E;Indifférent;7570;;;920.0;;;;974;Réunion;04;La Réunion;REU
2013-T1;2013-01;E;Indifférent;9840;;;340.0;;;;974;Réunion;04;La Réunion;REU
2003-T3;2003-07;ABC;Indifférent;107680;53670;54010;-1980.0;10450.0;10690.0;46370.0;974;Réunion;04;La Réunion;REU
2004-T2;2004-04;ABC;Indifférent;103020;50920;52100;100.0;10560.0;9720.0;41990.0;974;Réunion;04;La Réunion;REU
2008-T3;2008-07;ABC;Indifférent;91200;42730;48470;2250.0;9940.0;9240.0;36990.0;974;Réunion;04;La Réunion;REU
2010-T3;2010-07;ABC;Indifférent;125060;62050;63020;3290.0;12030.0;10830.0;57120.0;974;Réunion;04;La Réunion;REU
2011-T4;2011-10;ABC;Indifférent;136230;66030;70190;780.0;10870.0;10290.0;70620.0;974;Réunion;04;La Réunion;REU
2012-T2;2012-04;ABC;Indifférent;140140;68160;71980;2110.0;11050.0;10460.0;72620.0;974;Réunion;04;La Réunion;REU
2021-T1;2021-01;ABC;Indifférent;163120;78500;84620;160.0;11530.0;11700.0;97700.0;974;Réunion;04;La Réunion;REU
2001-T2;2001-04;B;Indifférent;3700;;;730.0;;;;974;Réunion;04;La Réunion;REU
2016-T3;2016-07;B;Indifférent;10760;;;300.0;;;;974;Réunion;04;La Réunion;REU
1997-T4;1997-10;C;Indifférent;2700;;;160.0;;;;974;Réunion;04;La Réunion;REU
2000-T1;2000-01;C;Indifférent;4740;;;40.0;;;;974;Réunion;04;La Réunion;REU
2019-T2;2019-04;C;Indifférent;16930;;;-350.0;;;;974;Réunion;04;La Réunion;REU
2020-T4;2020-10;C;Indifférent;18270;;;1410.0;;;;974;Réunion;04;La Réunion;REU
1997-T3;1997-07;D;Indifférent;2680;;;50.0;;;;974;Réunion;04;La Réunion;REU
2000-T3;2000-07;D;Indifférent;3640;;;420.0;;;;974;Réunion;04;La Réunion;REU
2006-T2;2006-04;D;Indifférent;3950;;;150.0;;;;974;Réunion;04;La Réunion;REU
2010-T1;2010-01;D;Indifférent;4710;;;920.0;;;;974;Réunion;04;La Réunion;REU
2014-T3;2014-07;D;Indifférent;3920;;;710.0;;;;974;Réunion;04;La Réunion;REU
2006-T1;2006-01;B;Indifférent;5660;;;-110.0;;;;974;Réunion;04;La Réunion;REU
2010-T2;2010-04;B;Indifférent;6380;;;-50.0;;;;974;Réunion;04;La Réunion;REU
2011-T2;2011-04;B;Indifférent;7380;;;250.0;;;;974;Réunion;04;La Réunion;REU
2020-T3;2020-07;B;Indifférent;12050;;;1060.0;;;;974;Réunion;04;La Réunion;REU
2008-T4;2008-10;C;Indifférent;5410;;;-290.0;;;;974;Réunion;04;La Réunion;REU
2010-T1;2010-01;C;Indifférent;7250;;;600.0;;;;974;Réunion;04;La Réunion;REU
2015-T1;2015-01;C;Indifférent;11870;;;220.0;;;;974;Réunion;04;La Réunion;REU
2018-T3;2018-07;C;Indifférent;16530;;;560.0;;;;974;Réunion;04;La Réunion;REU
2000-T2;2000-04;ABC;Indifférent;116800;58310;58500;-1560.0;8480.0;6670.0;53980.0;974;Réunion;04;La Réunion;REU
2003-T1;2003-01;ABC;Indifférent;110320;55600;54720;-3110.0;9950.0;10930.0;47540.0;974;Réunion;04;La Réunion;REU
2013-T4;2013-10;ABC;Indifférent;153320;75320;78000;-210.0;10370.0;10560.0;85180.0;974;Réunion;04;La Réunion;REU
1998-T2;1998-04;E;Indifférent;3480;;;1310.0;;;;974;Réunion;04;La Réunion;REU
2013-T3;2013-07;E;Indifférent;11060;;;920.0;;;;974;Réunion;04;La Réunion;REU
2014-T1;2014-01;E;Indifférent;13720;;;1090.0;;;;974;Réunion;04;La Réunion;REU
2020-T1;2020-01;E;Indifférent;10940;;;-270.0;;;;974;Réunion;04;La Réunion;REU
2000-T1;2000-01;D;Indifférent;3260;;;-10.0;;;;974;Réunion;04;La Réunion;REU
2000-T2;2000-04;D;Indifférent;3220;;;-40.0;;;;974;Réunion;04;La Réunion;REU
2004-T4;2004-10;D;Indifférent;4150;;;90.0;;;;974;Réunion;04;La Réunion;REU
2013-T2;2013-04;D;Indifférent;3330;;;-30.0;;;;974;Réunion;04;La Réunion;REU
2004-T1;2004-01;ABC;Plus de 50 ans;8480;;;-80.0;;;;974;Réunion;04;La Réunion;REU
2010-T3;2010-07;ABC;Plus de 50 ans;16620;;;1090.0;;;;974;Réunion;04;La Réunion;REU
2020-T3;2020-07;ABC;Plus de 50 ans;47520;;;550.0;;;;974;Réunion;04;La Réunion;REU
1997-T4;1997-10;ABC;Moins de 25 ans;26140;;;620.0;;;;974;Réunion;04;La Réunion;REU
2002-T1;2002-01;ABC;Moins de 25 ans;23950;;;-60.0;;;;974;Réunion;04;La Réunion;REU
2007-T1;2007-01;ABC;Moins de 25 ans;17790;;;-680.0;;;;974;Réunion;04;La Réunion;REU
2011-T2;2011-04;ABC;Moins de 25 ans;23400;;;220.0;;;;974;Réunion;04;La Réunion;REU
2012-T1;2012-01;ABC;Moins de 25 ans;23540;;;120.0;;;;974;Réunion;04;La Réunion;REU
1996-T1;1996-01;ABC;Indifférent;97300;48160;49150;;;;40410.0;974;Réunion;04;La Réunion;REU
1998-T1;1998-01;ABC;Indifférent;113570;57100;56470;190.0;7670.0;7750.0;52760.0;974;Réunion;04;La Réunion;REU
2009-T3;2009-07;ABC;Indifférent;108770;54470;54300;4130.0;11460.0;10140.0;43560.0;974;Réunion;04;La Réunion;REU
2011-T1;2011-01;ABC;Indifférent;132450;64430;68020;3640.0;11820.0;10560.0;63950.0;974;Réunion;04;La Réunion;REU
2019-T2;2019-04;ABC;Entre 25 et 49 ans;100660;;;-760.0;;;;974;Réunion;04;La Réunion;REU
2019-T3;2019-07;ABC;Entre 25 et 49 ans;98790;;;-1870.0;;;;974;Réunion;04;La Réunion;REU
2000-T1;2000-01;A;Indifférent;110620;;;1550.0;;;;974;Réunion;04;La Réunion;REU
2001-T3;2001-07;A;Indifférent;109340;;;40.0;;;;974;Réunion;04;La Réunion;REU
2008-T4;2008-10;A;Indifférent;82350;;;2620.0;;;;974;Réunion;04;La Réunion;REU
2014-T4;2014-10;A;Indifférent;135060;;;-130.0;;;;974;Réunion;04;La Réunion;REU
2020-T2;2020-04;A;Indifférent;140090;;;7490.0;;;;974;Réunion;04;La Réunion;REU
1997-T1;1997-01;E;Indifférent;1630;;;680.0;;;;974;Réunion;04;La Réunion;REU
2003-T2;2003-04;E;Indifférent;8860;;;960.0;;;;974;Réunion;04;La Réunion;REU
1996-T3;1996-07;ABC;Plus de 50 ans;6530;;;210.0;;;;974;Réunion;04;La Réunion;REU
1998-T3;1998-07;ABC;Plus de 50 ans;7320;;;-130.0;;;;974;Réunion;04;La Réunion;REU
2014-T4;2014-10;ABC;Plus de 50 ans;32600;;;750.0;;;;974;Réunion;04;La Réunion;REU
2015-T2;2015-04;ABC;Plus de 50 ans;34360;;;1100.0;;;;974;Réunion;04;La Réunion;REU
2001-T1;2001-01;ABC;Indifférent;118670;58310;60360;390.0;8440.0;8390.0;55130.0;974;Réunion;04;La Réunion;REU
2005-T3;2005-07;ABC;Moins de 25 ans;19610;;;-510.0;;;;974;Réunion;04;La Réunion;REU
2008-T2;2008-04;ABC;Moins de 25 ans;17010;;;240.0;;;;974;Réunion;04;La Réunion;REU
2013-T1;2013-01;ABC;Moins de 25 ans;24990;;;550.0;;;;974;Réunion;04;La Réunion;REU
2014-T1;2014-01;ABC;Moins de 25 ans;23930;;;-870.0;;;;974;Réunion;04;La Réunion;REU
2001-T3;2001-07;ABC;Indifférent;119560;58850;60710;70.0;9230.0;9180.0;55210.0;974;Réunion;04;La Réunion;REU
2003-T2;2003-04;ABC;Indifférent;109660;55390;54270;-610.0;9220.0;9810.0;47330.0;974;Réunion;04;La Réunion;REU
2014-T1;2014-01;ABC;Indifférent;152830;74980;77860;-420.0;10500.0;10060.0;86160.0;974;Réunion;04;La Réunion;REU
1997-T4;1997-10;B;Indifférent;1620;;;-10.0;;;;974;Réunion;04;La Réunion;REU
2003-T3;2003-07;B;Indifférent;4550;;;430.0;;;;974;Réunion;04;La Réunion;REU
2010-T3;2010-07;C;Indifférent;7780;;;180.0;;;;974;Réunion;04;La Réunion;REU
2003-T4;2003-10;D;Indifférent;4080;;;490.0;;;;974;Réunion;04;La Réunion;REU
2004-T3;2004-07;D;Indifférent;4060;;;-50.0;;;;974;Réunion;04;La Réunion;REU
2008-T4;2008-10;D;Indifférent;2960;;;-460.0;;;;974;Réunion;04;La Réunion;REU
2013-T1;2013-01;D;Indifférent;3360;;;230.0;;;;974;Réunion;04;La Réunion;REU
2005-T3;2005-07;ABC;Entre 25 et 49 ans;70760;;;-1080.0;;;;974;Réunion;04;La Réunion;REU
1996-T2;1996-04;A;Indifférent;96300;;;2410.0;;;;974;Réunion;04;La Réunion;REU
2003-T3;2003-07;A;Indifférent;97260;;;-2790.0;;;;974;Réunion;04;La Réunion;REU
2007-T3;2007-07;A;Indifférent;76440;;;-910.0;;;;974;Réunion;04;La Réunion;REU
2011-T3;2011-07;ABC;Indifférent;135420;65690;69730;1750.0;11180.0;10520.0;68660.0;974;Réunion;04;La Réunion;REU
2012-T2;2012-04;ABC;Indifférent;140050;68120;71940;2010.0;11100.0;10520.0;72570.0;974;Réunion;04;La Réunion;REU
2015-T4;2015-10;ABC;Indifférent;159550;77360;82190;-440.0;11830.0;11700.0;88770.0;974;Réunion;04;La Réunion;REU
2002-T3;2002-07;ABC;Plus de 50 ans;8570;;;0.0;;;;974;Réunion;04;La Réunion;REU
2011-T4;2011-10;ABC;Moins de 25 ans;23420;;;-110.0;;;;974;Réunion;04;La Réunion;REU
2015-T2;2015-04;ABC;Moins de 25 ans;23260;;;-390.0;;;;974;Réunion;04;La Réunion;REU
2001-T1;2001-01;A;Indifférent;110470;;;10.0;;;;974;Réunion;04;La Réunion;REU
2001-T2;2001-04;A;Indifférent;109300;;;-1170.0;;;;974;Réunion;04;La Réunion;REU
2007-T2;2007-04;A;Indifférent;77350;;;-390.0;;;;974;Réunion;04;La Réunion;REU
2011-T1;2011-01;A;Indifférent;117180;;;3230.0;;;;974;Réunion;04;La Réunion;REU
2013-T3;2013-07;A;Indifférent;134640;;;190.0;;;;974;Réunion;04;La Réunion;REU
2014-T1;2014-01;A;Indifférent;133130;;;-910.0;;;;974;Réunion;04;La Réunion;REU
2018-T1;2018-01;A;Indifférent;137940;;;1660.0;;;;974;Réunion;04;La Réunion;REU
2020-T4;2020-10;A;Indifférent;132270;;;-3440.0;;;;974;Réunion;04;La Réunion;REU
1999-T1;1999-01;ABC;Entre 25 et 49 ans;82410;;;910.0;;;;974;Réunion;04;La Réunion;REU
2007-T4;2007-10;E;Indifférent;9140;;;990.0;;;;974;Réunion;04;La Réunion;REU
2011-T2;2011-04;E;Indifférent;10250;;;770.0;;;;974;Réunion;04;La Réunion;REU
2007-T3;2007-07;ABC;Indifférent;88380;41390;46990;-1060.0;9630.0;9590.0;39080.0;974;Réunion;04;La Réunion;REU
1996-T3;1996-07;B;Indifférent;1440;;;50.0;;;;974;Réunion;04;La Réunion;REU
1996-T4;1996-10;B;Indifférent;1500;;;60.0;;;;974;Réunion;04;La Réunion;REU
2004-T4;2004-10;B;Indifférent;5280;;;180.0;;;;974;Réunion;04;La Réunion;REU
2008-T3;2008-07;B;Indifférent;5760;;;-10.0;;;;974;Réunion;04;La Réunion;REU
2015-T1;2015-01;B;Indifférent;9660;;;240.0;;;;974;Réunion;04;La Réunion;REU
2018-T1;2018-01;B;Indifférent;12210;;;140.0;;;;974;Réunion;04;La Réunion;REU
2002-T1;2002-01;C;Indifférent;6500;;;190.0;;;;974;Réunion;04;La Réunion;REU
2014-T2;2014-04;C;Indifférent;10910;;;470.0;;;;974;Réunion;04;La Réunion;REU
2015-T2;2015-04;C;Indifférent;12550;;;680.0;;;;974;Réunion;04;La Réunion;REU
2015-T3;2015-07;C;Indifférent;13030;;;480.0;;;;974;Réunion;04;La Réunion;REU
2017-T4;2017-10;C;Indifférent;15010;;;560.0;;;;974;Réunion;04;La Réunion;REU
1998-T3;1998-07;D;Indifférent;2650;;;-80.0;;;;974;Réunion;04;La Réunion;REU
2001-T2;2001-04;D;Indifférent;2940;;;-200.0;;;;974;Réunion;04;La Réunion;REU
2018-T2;2018-04;D;Indifférent;4580;;;60.0;;;;974;Réunion;04;La Réunion;REU
2019-T4;2019-10;D;Indifférent;6090;;;-40.0;;;;974;Réunion;04;La Réunion;REU
1996-T2;1996-04;E;Indifférent;1580;;;-730.0;;;;974;Réunion;04;La Réunion;REU
2003-T1;2003-01;E;Indifférent;7900;;;-710.0;;;;974;Réunion;04;La Réunion;REU
2004-T4;2004-10;E;Indifférent;6740;;;300.0;;;;974;Réunion;04;La Réunion;REU
2008-T4;2008-10;E;Indifférent;8490;;;580.0;;;;974;Réunion;04;La Réunion;REU
2010-T4;2010-10;E;Indifférent;9520;;;380.0;;;;974;Réunion;04;La Réunion;REU
2015-T4;2015-10;E;Indifférent;15340;;;310.0;;;;974;Réunion;04;La Réunion;REU
1999-T4;1999-10;B;Indifférent;2580;;;50.0;;;;974;Réunion;04;La Réunion;REU
2006-T2;2006-04;B;Indifférent;5670;;;10.0;;;;974;Réunion;04;La Réunion;REU
1998-T1;1998-01;C;Indifférent;3190;;;490.0;;;;974;Réunion;04;La Réunion;REU
2004-T3;2004-07;C;Indifférent;6280;;;430.0;;;;974;Réunion;04;La Réunion;REU
2005-T3;2005-07;C;Indifférent;6120;;;110.0;;;;974;Réunion;04;La Réunion;REU
2006-T2;2006-04;C;Indifférent;5930;;;-150.0;;;;974;Réunion;04;La Réunion;REU
2006-T3;2006-07;C;Indifférent;5860;;;-70.0;;;;974;Réunion;04;La Réunion;REU
2021-T1;2021-01;C;Indifférent;19090;;;820.0;;;;974;Réunion;04;La Réunion;REU
1997-T4;1997-10;D;Indifférent;2480;;;-200.0;;;;974;Réunion;04;La Réunion;REU
1999-T1;1999-01;D;Indifférent;2870;;;90.0;;;;974;Réunion;04;La Réunion;REU
2008-T2;2008-04;D;Indifférent;3250;;;120.0;;;;974;Réunion;04;La Réunion;REU
2008-T3;2008-07;D;Indifférent;3420;;;170.0;;;;974;Réunion;04;La Réunion;REU
2007-T4;2007-10;ABC;Plus de 50 ans;9020;;;-110.0;;;;974;Réunion;04;La Réunion;REU
2009-T3;2009-07;ABC;Plus de 50 ans;12850;;;820.0;;;;974;Réunion;04;La Réunion;REU
2013-T2;2013-04;ABC;Plus de 50 ans;27330;;;1000.0;;;;974;Réunion;04;La Réunion;REU
2013-T4;2013-10;ABC;Plus de 50 ans;28880;;;730.0;;;;974;Réunion;04;La Réunion;REU
2008-T4;2008-10;ABC;Indifférent;93620;44390;49230;2470.0;9730.0;8670.0;37110.0;974;Réunion;04;La Réunion;REU
2009-T2;2009-04;ABC;Indifférent;104600;51730;52870;6410.0;11140.0;9190.0;40900.0;974;Réunion;04;La Réunion;REU
2016-T1;2016-01;ABC;Indifférent;160660;77900;82760;1110.0;11010.0;10920.0;88210.0;974;Réunion;04;La Réunion;REU
2018-T3;2018-07;ABC;Indifférent;168910;81770;87140;900.0;10750.0;10690.0;95050.0;974;Réunion;04;La Réunion;REU
2019-T4;2019-10;ABC;Indifférent;163070;78780;84300;-2790.0;11050.0;12120.0;97140.0;974;Réunion;04;La Réunion;REU
2011-T2;2011-04;ABC;Entre 25 et 49 ans;91120;;;400.0;;;;974;Réunion;04;La Réunion;REU
1996-T2;1996-04;ABC;Moins de 25 ans;23930;;;690.0;;;;974;Réunion;04;La Réunion;REU
1996-T3;1996-07;ABC;Moins de 25 ans;24210;;;280.0;;;;974;Réunion;04;La Réunion;REU
2011-T1;2011-01;ABC;Moins de 25 ans;23180;;;550.0;;;;974;Réunion;04;La Réunion;REU
2015-T4;2015-10;ABC;Moins de 25 ans;22080;;;-810.0;;;;974;Réunion;04;La Réunion;REU
2020-T3;2020-07;ABC;Moins de 25 ans;20840;;;470.0;;;;974;Réunion;04;La Réunion;REU
2021-T1;2021-01;ABC;Moins de 25 ans;20120;;;-180.0;;;;974;Réunion;04;La Réunion;REU
2021-T2;2021-04;ABC;Moins de 25 ans;19960;;;-160.0;;;;974;Réunion;04;La Réunion;REU
2004-T3;2004-07;A;Indifférent;91330;;;-890.0;;;;974;Réunion;04;La Réunion;REU
2009-T3;2009-07;A;Indifférent;96480;;;3550.0;;;;974;Réunion;04;La Réunion;REU
2021-T1;2021-01;A;Indifférent;131150;;;-1120.0;;;;974;Réunion;04;La Réunion;REU
2005-T3;2005-07;ABC;Indifférent;99320;48210;51100;-1650.0;9790.0;10370.0;42710.0;974;Réunion;04;La Réunion;REU
2007-T2;2007-04;ABC;Indifférent;89390;41990;47390;-240.0;9710.0;9970.0;40820.0;974;Réunion;04;La Réunion;REU
2011-T2;2011-04;ABC;Indifférent;133670;64860;68820;1210.0;10890.0;10250.0;66110.0;974;Réunion;04;La Réunion;REU
2003-T3;2003-07;ABC;Plus de 50 ans;8530;;;90.0;;;;974;Réunion;04;La Réunion;REU
2004-T2;2004-04;ABC;Plus de 50 ans;8590;;;110.0;;;;974;Réunion;04;La Réunion;REU
1996-T2;1996-04;ABC;Entre 25 et 49 ans;69330;;;1450.0;;;;974;Réunion;04;La Réunion;REU
2005-T1;2005-01;ABC;Entre 25 et 49 ans;73240;;;400.0;;;;974;Réunion;04;La Réunion;REU
2007-T4;2007-10;ABC;Entre 25 et 49 ans;60890;;;-910.0;;;;974;Réunion;04;La Réunion;REU
2012-T2;2012-04;ABC;Entre 25 et 49 ans;93850;;;1060.0;;;;974;Réunion;04;La Réunion;REU
2014-T2;2014-04;ABC;Entre 25 et 49 ans;100360;;;1130.0;;;;974;Réunion;04;La Réunion;REU
2016-T4;2016-10;ABC;Entre 25 et 49 ans;100190;;;810.0;;;;974;Réunion;04;La Réunion;REU
1997-T4;1997-10;ABC;Indifférent;113380;57160;56220;2670.0;8000.0;6980.0;51240.0;974;Réunion;04;La Réunion;REU
2006-T2;2006-04;ABC;Indifférent;94120;45330;48790;-3830.0;9230.0;9840.0;41960.0;974;Réunion;04;La Réunion;REU
2009-T4;2009-10;ABC;Indifférent;114280;57090;57190;5510.0;12150.0;10130.0;46350.0;974;Réunion;04;La Réunion;REU
2015-T1;2015-01;ABC;Indifférent;156670;76540;80130;540.0;10730.0;10370.0;86920.0;974;Réunion;04;La Réunion;REU
2021-T2;2021-04;ABC;Indifférent;162160;77830;84330;-960.0;10780.0;11130.0;95390.0;974;Réunion;04;La Réunion;REU
1997-T1;1997-01;ABC;Plus de 50 ans;6830;;;100.0;;;;974;Réunion;04;La Réunion;REU
2012-T3;2012-07;ABC;Plus de 50 ans;23870;;;1260.0;;;;974;Réunion;04;La Réunion;REU
2013-T1;2013-01;ABC;Plus de 50 ans;26330;;;1060.0;;;;974;Réunion;04;La Réunion;REU
1997-T2;1997-04;ABC;Moins de 25 ans;25140;;;220.0;;;;974;Réunion;04;La Réunion;REU
2004-T2;2004-04;ABC;Moins de 25 ans;20830;;;220.0;;;;974;Réunion;04;La Réunion;REU
2013-T2;2013-04;ABC;Moins de 25 ans;25080;;;90.0;;;;974;Réunion;04;La Réunion;REU
2016-T1;2016-01;ABC;Moins de 25 ans;21970;;;-110.0;;;;974;Réunion;04;La Réunion;REU
2018-T4;2018-10;ABC;Moins de 25 ans;20970;;;-220.0;;;;974;Réunion;04;La Réunion;REU
2002-T1;2002-01;B;Indifférent;4030;;;100.0;;;;974;Réunion;04;La Réunion;REU
2005-T1;2005-01;B;Indifférent;5560;;;280.0;;;;974;Réunion;04;La Réunion;REU
2010-T1;2010-01;B;Indifférent;6430;;;300.0;;;;974;Réunion;04;La Réunion;REU
2010-T3;2010-07;B;Indifférent;6580;;;200.0;;;;974;Réunion;04;La Réunion;REU
2011-T3;2011-07;B;Indifférent;7530;;;150.0;;;;974;Réunion;04;La Réunion;REU
2007-T1;2007-01;A;Indifférent;77740;;;-2100.0;;;;974;Réunion;04;La Réunion;REU
2004-T1;2004-01;E;Indifférent;6460;;;-1060.0;;;;974;Réunion;04;La Réunion;REU
2008-T2;2008-04;E;Indifférent;8490;;;-210.0;;;;974;Réunion;04;La Réunion;REU
2009-T1;2009-01;E;Indifférent;7830;;;-660.0;;;;974;Réunion;04;La Réunion;REU
2020-T4;2020-10;E;Indifférent;10050;;;600.0;;;;974;Réunion;04;La Réunion;REU
1997-T2;1997-04;D;Indifférent;2630;;;260.0;;;;974;Réunion;04;La Réunion;REU
2005-T1;2005-01;D;Indifférent;4080;;;-70.0;;;;974;Réunion;04;La Réunion;REU
2013-T4;2013-10;D;Indifférent;3530;;;430.0;;;;974;Réunion;04;La Réunion;REU
2018-T4;2018-10;D;Indifférent;5340;;;550.0;;;;974;Réunion;04;La Réunion;REU
2020-T3;2020-07;D;Indifférent;6130;;;190.0;;;;974;Réunion;04;La Réunion;REU
2021-T1;2021-01;D;Indifférent;6800;;;-140.0;;;;974;Réunion;04;La Réunion;REU
2000-T3;2000-07;E;Indifférent;5760;;;-2490.0;;;;974;Réunion;04;La Réunion;REU
2001-T3;2001-07;E;Indifférent;3730;;;-1540.0;;;;974;Réunion;04;La Réunion;REU
2004-T3;2004-07;E;Indifférent;6440;;;-940.0;;;;974;Réunion;04;La Réunion;REU
2006-T1;2006-01;E;Indifférent;5290;;;-1680.0;;;;974;Réunion;04;La Réunion;REU
2008-T1;2008-01;E;Indifférent;8700;;;-440.0;;;;974;Réunion;04;La Réunion;REU
2011-T3;2011-07;E;Indifférent;9700;;;-550.0;;;;974;Réunion;04;La Réunion;REU
2005-T2;2005-04;ABC;Entre 25 et 49 ans;71840;;;-1400.0;;;;974;Réunion;04;La Réunion;REU
2008-T2;2008-04;ABC;Entre 25 et 49 ans;62410;;;1510.0;;;;974;Réunion;04;La Réunion;REU
2018-T2;2018-04;ABC;Entre 25 et 49 ans;102110;;;1270.0;;;;974;Réunion;04;La Réunion;REU
2019-T4;2019-10;ABC;Entre 25 et 49 ans;96760;;;-2030.0;;;;974;Réunion;04;La Réunion;REU
1996-T1;1996-01;ABC;Moins de 25 ans;23240;;;;;;;974;Réunion;04;La Réunion;REU
1998-T2;1998-04;ABC;Moins de 25 ans;24550;;;-1040.0;;;;974;Réunion;04;La Réunion;REU
2000-T2;2000-04;A;Indifférent;109350;;;-1270.0;;;;974;Réunion;04;La Réunion;REU
2000-T3;2000-07;A;Indifférent;108620;;;-730.0;;;;974;Réunion;04;La Réunion;REU
2010-T4;2010-10;A;Indifférent;113950;;;3250.0;;;;974;Réunion;04;La Réunion;REU
2012-T2;2012-04;A;Indifférent;123130;;;1500.0;;;;974;Réunion;04;La Réunion;REU
2012-T3;2012-07;A;Indifférent;125970;;;2840.0;;;;974;Réunion;04;La Réunion;REU
2010-T1;2010-01;ABC;Plus de 50 ans;14630;;;870.0;;;;974;Réunion;04;La Réunion;REU
2014-T2;2014-04;ABC;Plus de 50 ans;30850;;;1180.0;;;;974;Réunion;04;La Réunion;REU
2015-T3;2015-07;ABC;Plus de 50 ans;35610;;;1250.0;;;;974;Réunion;04;La Réunion;REU
2017-T2;2017-04;ABC;Plus de 50 ans;40450;;;240.0;;;;974;Réunion;04;La Réunion;REU
2006-T3;2006-07;B;Indifférent;5580;;;-90.0;;;;974;Réunion;04;La Réunion;REU
2018-T2;2018-04;B;Indifférent;12550;;;340.0;;;;974;Réunion;04;La Réunion;REU
2006-T1;2006-01;D;Indifférent;3800;;;620.0;;;;974;Réunion;04;La Réunion;REU
2009-T1;2009-01;ABC;Indifférent;98120;47400;50720;4570.0;11010.0;8950.0;38140.0;974;Réunion;04;La Réunion;REU
2016-T3;2016-07;ABC;Indifférent;159780;77420;82360;1130.0;11790.0;11280.0;86290.0;974;Réunion;04;La Réunion;REU
2017-T3;2017-07;ABC;Indifférent;161650;78350;83310;1030.0;11660.0;10750.0;88460.0;974;Réunion;04;La Réunion;REU
2019-T4;2019-10;ABC;Indifférent;163020;78740;84270;-2820.0;11100.0;12150.0;97010.0;974;Réunion;04;La Réunion;REU
2000-T3;2000-07;C;Indifférent;5050;;;590.0;;;;974;Réunion;04;La Réunion;REU
2012-T4;2012-10;C;Indifférent;9310;;;60.0;;;;974;Réunion;04;La Réunion;REU
2016-T2;2016-04;C;Indifférent;13350;;;70.0;;;;974;Réunion;04;La Réunion;REU
2002-T4;2002-10;ABC;Indifférent;113430;56930;56490;-1900.0;9900.0;10050.0;50040.0;974;Réunion;04;La Réunion;REU
2014-T1;2014-01;ABC;Indifférent;152780;74950;77820;-540.0;10470.0;10150.0;86140.0;974;Réunion;04;La Réunion;REU
2017-T1;2017-01;ABC;Indifférent;161360;78540;82820;-50.0;11190.0;10950.0;87770.0;974;Réunion;04;La Réunion;REU
2018-T4;2018-10;ABC;Indifférent;168210;81280;86930;-700.0;10430.0;10180.0;96900.0;974;Réunion;04;La Réunion;REU
2020-T2;2020-04;ABC;Indifférent;164170;79130;85040;2950.0;9040.0;7610.0;97790.0;974;Réunion;04;La Réunion;REU
1997-T3;1997-07;A;Indifférent;106530;;;2410.0;;;;974;Réunion;04;La Réunion;REU
2006-T2;2006-04;A;Indifférent;82520;;;-3690.0;;;;974;Réunion;04;La Réunion;REU
2008-T1;2008-01;A;Indifférent;74730;;;-50.0;;;;974;Réunion;04;La Réunion;REU
2009-T4;2009-10;A;Indifférent;101490;;;5010.0;;;;974;Réunion;04;La Réunion;REU
2011-T4;2011-10;A;Indifférent;120180;;;550.0;;;;974;Réunion;04;La Réunion;REU
2018-T2;2018-04;A;Indifférent;139520;;;1580.0;;;;974;Réunion;04;La Réunion;REU
2019-T2;2019-04;A;Indifférent;138500;;;-400.0;;;;974;Réunion;04;La Réunion;REU
2019-T4;2019-10;A;Indifférent;134130;;;-2560.0;;;;974;Réunion;04;La Réunion;REU
2005-T1;2005-01;E;Indifférent;5310;;;-1430.0;;;;974;Réunion;04;La Réunion;REU
2009-T2;2009-04;E;Indifférent;7810;;;-20.0;;;;974;Réunion;04;La Réunion;REU
2013-T2;2013-04;E;Indifférent;10140;;;300.0;;;;974;Réunion;04;La Réunion;REU
1999-T3;1999-07;C;Indifférent;4280;;;550.0;;;;974;Réunion;04;La Réunion;REU
2003-T2;2003-04;C;Indifférent;5490;;;-520.0;;;;974;Réunion;04;La Réunion;REU
2010-T2;2010-04;C;Indifférent;7600;;;350.0;;;;974;Réunion;04;La Réunion;REU
2020-T1;2020-01;C;Indifférent;15600;;;-970.0;;;;974;Réunion;04;La Réunion;REU
1996-T4;1996-10;ABC;Plus de 50 ans;6730;;;200.0;;;;974;Réunion;04;La Réunion;REU
1998-T4;1998-10;ABC;Plus de 50 ans;7370;;;50.0;;;;974;Réunion;04;La Réunion;REU
2008-T3;2008-07;ABC;Plus de 50 ans;9950;;;410.0;;;;974;Réunion;04;La Réunion;REU
1997-T1;1997-01;ABC;Entre 25 et 49 ans;74490;;;940.0;;;;974;Réunion;04;La Réunion;REU
2013-T1;2013-01;ABC;Entre 25 et 49 ans;99690;;;1500.0;;;;974;Réunion;04;La Réunion;REU
1996-T2;1996-04;ABC;Indifférent;99580;49400;50180;2280.0;8530.0;7690.0;39510.0;974;Réunion;04;La Réunion;REU
1996-T3;1996-07;ABC;Indifférent;101850;50780;51060;2270.0;8360.0;7910.0;40470.0;974;Réunion;04;La Réunion;REU
2000-T2;2000-04;ABC;Indifférent;116790;58300;58490;-1380.0;8440.0;6770.0;53990.0;974;Réunion;04;La Réunion;REU
2001-T4;2001-10;ABC;Indifférent;118100;58230;59870;-1460.0;9220.0;9100.0;54690.0;974;Réunion;04;La Réunion;REU
1998-T4;1998-10;ABC;Moins de 25 ans;24260;;;330.0;;;;974;Réunion;04;La Réunion;REU
1999-T2;1999-04;ABC;Moins de 25 ans;25050;;;490.0;;;;974;Réunion;04;La Réunion;REU
2005-T1;2005-01;ABC;Moins de 25 ans;20630;;;-20.0;;;;974;Réunion;04;La Réunion;REU
2009-T3;2009-07;ABC;Moins de 25 ans;19980;;;370.0;;;;974;Réunion;04;La Réunion;REU
2017-T2;2017-04;ABC;Moins de 25 ans;21160;;;-190.0;;;;974;Réunion;04;La Réunion;REU
2017-T4;2017-10;ABC;Moins de 25 ans;21240;;;150.0;;;;974;Réunion;04;La Réunion;REU
1999-T1;1999-01;B;Indifférent;2340;;;250.0;;;;974;Réunion;04;La Réunion;REU
2000-T1;2000-01;B;Indifférent;2810;;;230.0;;;;974;Réunion;04;La Réunion;REU
2011-T4;2011-10;B;Indifférent;7680;;;150.0;;;;974;Réunion;04;La Réunion;REU
2012-T3;2012-07;D;Indifférent;3370;;;-150.0;;;;974;Réunion;04;La Réunion;REU
2017-T4;2017-10;D;Indifférent;4530;;;-430.0;;;;974;Réunion;04;La Réunion;REU
2019-T1;2019-01;D;Indifférent;5530;;;190.0;;;;974;Réunion;04;La Réunion;REU
2020-T1;2020-01;D;Indifférent;6300;;;210.0;;;;974;Réunion;04;La Réunion;REU
1996-T1;1996-01;ABC;Plus de 50 ans;6190;;;;;;;974;Réunion;04;La Réunion;REU
2009-T2;2009-04;ABC;Plus de 50 ans;12030;;;900.0;;;;974;Réunion;04;La Réunion;REU
2000-T1;2000-01;ABC;Indifférent;118360;59000;59360;2010.0;9470.0;7910.0;54930.0;974;Réunion;04;La Réunion;REU
2000-T4;2000-10;ABC;Indifférent;118280;58280;60000;2030.0;9280.0;8280.0;53930.0;974;Réunion;04;La Réunion;REU
2006-T3;2006-07;ABC;Indifférent;92690;44510;48180;-1390.0;8870.0;9170.0;42160.0;974;Réunion;04;La Réunion;REU
2015-T1;2015-01;ABC;Indifférent;156650;76540;80110;550.0;10680.0;10370.0;86900.0;974;Réunion;04;La Réunion;REU
2000-T3;2000-07;ABC;Entre 25 et 49 ans;84640;;;240.0;;;;974;Réunion;04;La Réunion;REU
2015-T4;2015-10;ABC;Entre 25 et 49 ans;100830;;;-670.0;;;;974;Réunion;04;La Réunion;REU
2005-T4;2005-10;ABC;Moins de 25 ans;19400;;;-210.0;;;;974;Réunion;04;La Réunion;REU
2007-T3;2007-07;ABC;Moins de 25 ans;17450;;;-240.0;;;;974;Réunion;04;La Réunion;REU
2007-T4;2007-10;ABC;Moins de 25 ans;16810;;;-640.0;;;;974;Réunion;04;La Réunion;REU
2000-T4;2000-10;ABC;Indifférent;118270;58260;60000;1880.0;9270.0;8320.0;53910.0;974;Réunion;04;La Réunion;REU
2015-T3;2015-07;ABC;Indifférent;160000;77640;82360;1320.0;10290.0;10120.0;89550.0;974;Réunion;04;La Réunion;REU
2020-T4;2020-10;ABC;Indifférent;162960;78560;84400;-1660.0;11300.0;11720.0;97120.0;974;Réunion;04;La Réunion;REU
2002-T2;2002-04;A;Indifférent;106010;;;-1380.0;;;;974;Réunion;04;La Réunion;REU
2009-T2;2009-04;A;Indifférent;92930;;;6030.0;;;;974;Réunion;04;La Réunion;REU
2017-T3;2017-07;A;Indifférent;135600;;;330.0;;;;974;Réunion;04;La Réunion;REU
1996-T3;1996-07;E;Indifférent;2030;;;450.0;;;;974;Réunion;04;La Réunion;REU
2002-T4;2002-10;E;Indifférent;8610;;;1050.0;;;;974;Réunion;04;La Réunion;REU
2014-T3;2014-07;E;Indifférent;13480;;;-60.0;;;;974;Réunion;04;La Réunion;REU
2021-T3;2021-07;E;Indifférent;11800;;;720.0;;;;974;Réunion;04;La Réunion;REU
1996-T4;1996-10;C;Indifférent;2170;;;90.0;;;;974;Réunion;04;La Réunion;REU
1997-T2;1997-04;C;Indifférent;2480;;;260.0;;;;974;Réunion;04;La Réunion;REU
1996-T1;1996-01;B;Indifférent;1330;;;;;;;974;Réunion;04;La Réunion;REU
1997-T2;1997-04;B;Indifférent;1670;;;110.0;;;;974;Réunion;04;La Réunion;REU
2001-T4;2001-10;B;Indifférent;3930;;;-60.0;;;;974;Réunion;04;La Réunion;REU
2009-T4;2009-10;B;Indifférent;6130;;;80.0;;;;974;Réunion;04;La Réunion;REU
2019-T1;2019-01;B;Indifférent;12450;;;-290.0;;;;974;Réunion;04;La Réunion;REU
2002-T3;2002-07;D;Indifférent;2880;;;-620.0;;;;974;Réunion;04;La Réunion;REU
2013-T3;2013-07;D;Indifférent;3100;;;-230.0;;;;974;Réunion;04;La Réunion;REU
2014-T2;2014-04;D;Indifférent;3210;;;-450.0;;;;974;Réunion;04;La Réunion;REU
2006-T2;2006-04;ABC;Indifférent;94080;45340;48740;-3950.0;9240.0;9840.0;41860.0;974;Réunion;04;La Réunion;REU
2017-T4;2017-10;ABC;Indifférent;163390;79050;84340;1710.0;11400.0;11010.0;89660.0;974;Réunion;04;La Réunion;REU
2019-T2;2019-04;ABC;Indifférent;167940;81330;86600;-630.0;11270.0;11490.0;100410.0;974;Réunion;04;La Réunion;REU
1998-T1;1998-01;ABC;Plus de 50 ans;7530;;;150.0;;;;974;Réunion;04;La Réunion;REU
2018-T1;2018-01;ABC;Plus de 50 ans;43380;;;1170.0;;;;974;Réunion;04;La Réunion;REU
2003-T4;2003-10;ABC;Moins de 25 ans;20680;;;-680.0;;;;974;Réunion;04;La Réunion;REU
2014-T4;2014-10;ABC;Moins de 25 ans;23850;;;-50.0;;;;974;Réunion;04;La Réunion;REU
2015-T1;2015-01;ABC;Moins de 25 ans;23650;;;-200.0;;;;974;Réunion;04;La Réunion;REU
2018-T1;2018-01;ABC;Moins de 25 ans;21140;;;-100.0;;;;974;Réunion;04;La Réunion;REU
2002-T3;2002-07;ABC;Entre 25 et 49 ans;83000;;;-1710.0;;;;974;Réunion;04;La Réunion;REU
2004-T4;2004-10;ABC;Entre 25 et 49 ans;72840;;;-420.0;;;;974;Réunion;04;La Réunion;REU
2005-T4;2005-10;ABC;Entre 25 et 49 ans;70220;;;-540.0;;;;974;Réunion;04;La Réunion;REU
2021-T3;2021-07;ABC;Entre 25 et 49 ans;93000;;;-1160.0;;;;974;Réunion;04;La Réunion;REU
1999-T1;1999-01;ABC;Indifférent;114470;58200;56270;1350.0;8470.0;7120.0;54700.0;974;Réunion;04;La Réunion;REU
2008-T4;2008-10;ABC;Indifférent;93550;44380;49170;2350.0;9680.0;8650.0;37110.0;974;Réunion;04;La Réunion;REU
2003-T4;2003-10;A;Indifférent;94270;;;-2990.0;;;;974;Réunion;04;La Réunion;REU
2000-T2;2000-04;B;Indifférent;2980;;;170.0;;;;974;Réunion;04;La Réunion;REU
2001-T3;2001-07;B;Indifférent;3990;;;290.0;;;;974;Réunion;04;La Réunion;REU
2003-T2;2003-04;B;Indifférent;4120;;;-370.0;;;;974;Réunion;04;La Réunion;REU
2005-T2;2005-04;B;Indifférent;5580;;;20.0;;;;974;Réunion;04;La Réunion;REU
2005-T1;2005-01;C;Indifférent;6140;;;-140.0;;;;974;Réunion;04;La Réunion;REU
2007-T2;2007-04;C;Indifférent;6400;;;290.0;;;;974;Réunion;04;La Réunion;REU
2011-T4;2011-10;C;Indifférent;8370;;;80.0;;;;974;Réunion;04;La Réunion;REU
1997-T4;1997-10;E;Indifférent;1880;;;610.0;;;;974;Réunion;04;La Réunion;REU
2000-T4;2000-10;E;Indifférent;6560;;;800.0;;;;974;Réunion;04;La Réunion;REU
2008-T3;2008-07;E;Indifférent;7910;;;-580.0;;;;974;Réunion;04;La Réunion;REU
1998-T2;1998-04;D;Indifférent;2730;;;170.0;;;;974;Réunion;04;La Réunion;REU
2007-T3;2007-07;E;Indifférent;8150;;;580.0;;;;974;Réunion;04;La Réunion;REU
2012-T1;2012-01;E;Indifférent;11180;;;280.0;;;;974;Réunion;04;La Réunion;REU
2014-T2;2014-04;E;Indifférent;13540;;;-180.0;;;;974;Réunion;04;La Réunion;REU
2018-T2;2018-04;E;Indifférent;10310;;;-1750.0;;;;974;Réunion;04;La Réunion;REU
1999-T3;1999-07;D;Indifférent;3140;;;500.0;;;;974;Réunion;04;La Réunion;REU
2015-T4;2015-10;D;Indifférent;3900;;;400.0;;;;974;Réunion;04;La Réunion;REU
2016-T3;2016-07;D;Indifférent;4810;;;-480.0;;;;974;Réunion;04;La Réunion;REU
2018-T3;2018-07;D;Indifférent;4790;;;210.0;;;;974;Réunion;04;La Réunion;REU
2002-T2;2002-04;C;Indifférent;6780;;;280.0;;;;974;Réunion;04;La Réunion;REU
2002-T3;2002-07;C;Indifférent;6690;;;-90.0;;;;974;Réunion;04;La Réunion;REU
2007-T4;2007-10;C;Indifférent;6290;;;40.0;;;;974;Réunion;04;La Réunion;REU
2011-T2;2011-04;C;Indifférent;8040;;;-100.0;;;;974;Réunion;04;La Réunion;REU
2012-T2;2012-04;C;Indifférent;9000;;;340.0;;;;974;Réunion;04;La Réunion;REU
2021-T2;2021-04;C;Indifférent;19070;;;-20.0;;;;974;Réunion;04;La Réunion;REU
2008-T2;2008-04;ABC;Indifférent;88890;41390;47500;2000.0;10090.0;9210.0;36970.0;974;Réunion;04;La Réunion;REU
2010-T2;2010-04;ABC;Indifférent;121700;60550;61150;2840.0;11800.0;10830.0;54000.0;974;Réunion;04;La Réunion;REU
2000-T2;2000-04;ABC;Moins de 25 ans;24760;;;-650.0;;;;974;Réunion;04;La Réunion;REU
2000-T4;2000-10;ABC;Moins de 25 ans;24660;;;660.0;;;;974;Réunion;04;La Réunion;REU
2006-T4;2006-10;ABC;Moins de 25 ans;18470;;;-230.0;;;;974;Réunion;04;La Réunion;REU
2016-T2;2016-04;ABC;Moins de 25 ans;21230;;;-740.0;;;;974;Réunion;04;La Réunion;REU
1997-T2;1997-04;ABC;Indifférent;108280;54370;53910;2040.0;8030.0;7760.0;46790.0;974;Réunion;04;La Réunion;REU
2002-T1;2002-01;ABC;Indifférent;117920;58120;59800;-180.0;9070.0;8790.0;54790.0;974;Réunion;04;La Réunion;REU
2012-T1;2012-01;ABC;Indifférent;138030;67090;70940;1800.0;11950.0;10430.0;72070.0;974;Réunion;04;La Réunion;REU
2014-T2;2014-04;ABC;Indifférent;155230;76000;79240;2400.0;10740.0;9770.0;87880.0;974;Réunion;04;La Réunion;REU
2017-T1;2017-01;ABC;Indifférent;161370;78530;82850;-20.0;11200.0;10950.0;87800.0;974;Réunion;04;La Réunion;REU
2004-T4;2004-10;A;Indifférent;90760;;;-570.0;;;;974;Réunion;04;La Réunion;REU
2005-T4;2005-10;A;Indifférent;86890;;;-880.0;;;;974;Réunion;04;La Réunion;REU
2010-T3;2010-07;A;Indifférent;110700;;;2910.0;;;;974;Réunion;04;La Réunion;REU
2019-T3;2019-07;A;Indifférent;136690;;;-1810.0;;;;974;Réunion;04;La Réunion;REU
1998-T1;1998-01;ABC;Entre 25 et 49 ans;80450;;;590.0;;;;974;Réunion;04;La Réunion;REU
2001-T3;2001-07;ABC;Entre 25 et 49 ans;86720;;;380.0;;;;974;Réunion;04;La Réunion;REU
2003-T2;2003-04;ABC;Entre 25 et 49 ans;78860;;;-550.0;;;;974;Réunion;04;La Réunion;REU
2006-T2;2006-04;ABC;Entre 25 et 49 ans;66650;;;-3000.0;;;;974;Réunion;04;La Réunion;REU
2008-T4;2008-10;ABC;Entre 25 et 49 ans;65470;;;1470.0;;;;974;Réunion;04;La Réunion;REU
2009-T2;2009-04;ABC;Entre 25 et 49 ans;73000;;;4260.0;;;;974;Réunion;04;La Réunion;REU
2014-T4;2014-10;ABC;Entre 25 et 49 ans;99680;;;-210.0;;;;974;Réunion;04;La Réunion;REU
2018-T1;2018-01;ABC;Entre 25 et 49 ans;100840;;;930.0;;;;974;Réunion;04;La Réunion;REU
2019-T1;2019-01;ABC;Entre 25 et 49 ans;101420;;;-170.0;;;;974;Réunion;04;La Réunion;REU
2004-T1;2004-01;B;Indifférent;4710;;;210.0;;;;974;Réunion;04;La Réunion;REU
2003-T3;2003-07;ABC;Indifférent;107600;53670;53930;-2050.0;10370.0;10590.0;46320.0;974;Réunion;04;La Réunion;REU
2009-T1;2009-01;ABC;Indifférent;98190;47490;50700;4570.0;10980.0;8900.0;38190.0;974;Réunion;04;La Réunion;REU
2018-T1;2018-01;ABC;Indifférent;165320;79910;85410;1930.0;11140.0;10430.0;91420.0;974;Réunion;04;La Réunion;REU
1997-T4;1997-10;ABC;Entre 25 et 49 ans;79860;;;1910.0;;;;974;Réunion;04;La Réunion;REU
1998-T3;1998-07;ABC;Entre 25 et 49 ans;80750;;;820.0;;;;974;Réunion;04;La Réunion;REU
2007-T2;2007-04;ABC;Entre 25 et 49 ans;62570;;;-90.0;;;;974;Réunion;04;La Réunion;REU
2009-T3;2009-07;ABC;Entre 25 et 49 ans;75950;;;2950.0;;;;974;Réunion;04;La Réunion;REU
2015-T1;2015-01;ABC;Entre 25 et 49 ans;99760;;;80.0;;;;974;Réunion;04;La Réunion;REU
2009-T4;2009-10;ABC;Moins de 25 ans;21290;;;1310.0;;;;974;Réunion;04;La Réunion;REU
2010-T1;2010-01;ABC;Moins de 25 ans;22160;;;870.0;;;;974;Réunion;04;La Réunion;REU
2017-T3;2017-07;ABC;Moins de 25 ans;21090;;;-70.0;;;;974;Réunion;04;La Réunion;REU
2019-T3;2019-07;ABC;Moins de 25 ans;20420;;;-340.0;;;;974;Réunion;04;La Réunion;REU
2020-T4;2020-10;ABC;Moins de 25 ans;20300;;;-540.0;;;;974;Réunion;04;La Réunion;REU
2012-T4;2012-10;A;Indifférent;129920;;;3950.0;;;;974;Réunion;04;La Réunion;REU
2014-T3;2014-07;A;Indifférent;135190;;;280.0;;;;974;Réunion;04;La Réunion;REU
1997-T4;1997-10;ABC;Plus de 50 ans;7380;;;150.0;;;;974;Réunion;04;La Réunion;REU
2002-T2;2002-04;ABC;Plus de 50 ans;8570;;;70.0;;;;974;Réunion;04;La Réunion;REU
2004-T4;2004-10;ABC;Plus de 50 ans;8830;;;110.0;;;;974;Réunion;04;La Réunion;REU
2006-T1;2006-01;ABC;Plus de 50 ans;9280;;;100.0;;;;974;Réunion;04;La Réunion;REU
2010-T2;2010-04;ABC;Plus de 50 ans;15530;;;900.0;;;;974;Réunion;04;La Réunion;REU
2011-T3;2011-07;ABC;Plus de 50 ans;20000;;;770.0;;;;974;Réunion;04;La Réunion;REU
2001-T2;2001-04;ABC;Indifférent;119490;58470;61020;950.0;9270.0;8500.0;55420.0;974;Réunion;04;La Réunion;REU
2006-T4;2006-10;ABC;Indifférent;91430;43750;47680;-1360.0;8770.0;9340.0;42730.0;974;Réunion;04;La Réunion;REU
2003-T3;2003-07;C;Indifférent;5870;;;380.0;;;;974;Réunion;04;La Réunion;REU
2006-T4;2006-10;C;Indifférent;5840;;;-20.0;;;;974;Réunion;04;La Réunion;REU
2011-T1;2011-01;C;Indifférent;8140;;;40.0;;;;974;Réunion;04;La Réunion;REU
2017-T2;2017-04;C;Indifférent;14000;;;490.0;;;;974;Réunion;04;La Réunion;REU
2019-T3;2019-07;C;Indifférent;16740;;;-190.0;;;;974;Réunion;04;La Réunion;REU
1999-T3;1999-07;B;Indifférent;2530;;;20.0;;;;974;Réunion;04;La Réunion;REU
2001-T1;2001-01;B;Indifférent;2970;;;100.0;;;;974;Réunion;04;La Réunion;REU
2009-T3;2009-07;B;Indifférent;6050;;;0.0;;;;974;Réunion;04;La Réunion;REU
2013-T3;2013-07;B;Indifférent;9050;;;110.0;;;;974;Réunion;04;La Réunion;REU
2015-T3;2015-07;B;Indifférent;10210;;;320.0;;;;974;Réunion;04;La Réunion;REU
2003-T3;2003-07;D;Indifférent;3590;;;-420.0;;;;974;Réunion;04;La Réunion;REU
2012-T1;2012-01;D;Indifférent;3860;;;330.0;;;;974;Réunion;04;La Réunion;REU
2012-T4;2012-10;D;Indifférent;3130;;;-240.0;;;;974;Réunion;04;La Réunion;REU
2021-T3;2021-07;D;Indifférent;7250;;;50.0;;;;974;Réunion;04;La Réunion;REU
2001-T4;2001-10;E;Indifférent;6410;;;2680.0;;;;974;Réunion;04;La Réunion;REU
2005-T4;2005-10;E;Indifférent;6970;;;-230.0;;;;974;Réunion;04;La Réunion;REU
2007-T1;2007-01;E;Indifférent;6650;;;-570.0;;;;974;Réunion;04;La Réunion;REU
2010-T2;2010-04;E;Indifférent;8760;;;1000.0;;;;974;Réunion;04;La Réunion;REU
